street,traffic volume,accident count,crash_rate,latitude,longitude,risk level,Frequent_Day,Frequent_Hour,label
"102ND ST, Los Angeles",2238,184,8.22,33.9441028,-118.254688,low,Friday,14,10
"103RD ST, Los Angeles",138801,531,0.38,33.942642,-118.243168,low,Tuesday,14,10
"104TH ST, Los Angeles",17741,239,1.35,33.9417897,-118.3699816,low,Saturday,17,2
"105TH ST, Los Angeles",14131,178,1.26,34.7501181,-118.3162445,low,Tuesday,1,8
"10TH AV, Los Angeles",3642,145,3.98,34.0378282,-118.3276557,low,Saturday,15,17
"10TH ST, Los Angeles",2750,127,4.62,34.0440577,-118.2622594,low,Wednesday,2,21
"111TH ST, Los Angeles",553,173,31.28,33.9342922,-118.236314,low,Friday,13,10
"112TH ST, Los Angeles",3315,198,5.97,33.9329679,-118.2695225,low,Monday,12,10
"114TH ST, Los Angeles",961,216,22.48,33.9309512,-118.2577662,low,Wednesday,15,10
"115TH ST, Los Angeles",972,168,17.28,33.9300197,-118.3551463,low,Friday,18,2
"116TH ST, Los Angeles",1932,62,3.21,33.9291268,-118.3513798,low,Friday,17,2
"118 FWY, Los Angeles",15968,1,0.01,33.8869744,-118.0343288,low,Thursday,12,20
"118TH ST, Los Angeles",9074,78,0.86,33.9272872,-118.3787258,low,Wednesday,12,2
"11TH AV, Los Angeles",1870,203,10.86,34.0053225,-118.3296131,low,Tuesday,12,17
"11TH ST, Los Angeles",20202,532,2.63,34.0207803,-118.4873641,low,Sunday,17,19
"12TH ST, Los Angeles",5257,430,8.18,34.0165635,-118.4806073,low,Saturday,17,19
"134 FWY, Los Angeles",6305,3,0.05,34.1788711,-118.3116473,low,Thursday,9,9
"13TH ST, Los Angeles",3817,101,2.65,34.3852267,-118.5303057,low,Saturday,23,22
"14TH ST, Los Angeles",11020,221,2.01,34.0263021,-118.4883044,low,Tuesday,8,19
"155TH ST, Los Angeles",390,1,0.26,33.890718,-118.2894797,low,Saturday,1,10
"157TH ST, Los Angeles",6028,14,0.23,33.8889184,-118.2894108,low,Saturday,17,10
"15TH ST, Los Angeles",529,282,53.31,34.0256411,-118.4856809,medium,Wednesday,15,19
"161ST ST, Los Angeles",15849,1,0.01,33.8851004,-118.082438,low,Saturday,18,20
"168TH ST, Los Angeles",4505,20,0.44,33.8781861,-118.0796508,low,Tuesday,10,20
"16TH ST, Los Angeles",17482,283,1.62,34.0216964,-118.4792075,low,Tuesday,1,19
"170TH ST, Los Angeles",110,3,2.73,33.8764867,-118.326489,low,Monday,15,2
"17TH ST, Los Angeles",16073,261,1.62,34.0266684,-118.4831955,low,Friday,15,19
"186TH ST, Los Angeles",31234,28,0.09,33.861936,-118.3492311,low,Wednesday,19,2
"18TH ST, Los Angeles",12106,394,3.25,34.0200575,-118.473634,low,Thursday,17,19
"1ST ST, Los Angeles",398619,76,0.02,33.7687147,-118.1893988,low,Sunday,16,11
"20TH ST, Los Angeles",8005,1259,15.73,34.0289242,-118.4803011,low,Sunday,2,19
"214TH ST, Los Angeles",758,226,29.82,33.8344441,-118.3110465,low,Tuesday,15,4
"218TH ST, Los Angeles",33544,5,0.01,33.8296023,-118.3166428,low,Wednesday,8,4
"21ST ST, Los Angeles",18897,14,0.07,34.0291013,-118.4781509,low,Sunday,1,19
"223RD ST, Los Angeles",71471,233,0.33,33.8245345,-118.3004258,low,Saturday,1,4
"22ND ST, Los Angeles",8256,90,1.09,34.0250645,-118.4722991,low,Sunday,3,19
"23RD ST, Los Angeles",79552,204,0.26,34.0291645,-118.2735701,low,Saturday,17,21
"240TH ST, Los Angeles",3899,374,9.59,33.806536,-118.315557,low,Tuesday,15,4
"24TH ST, Los Angeles",73321,9,0.01,34.0343925,-118.4802714,low,Monday,17,19
"253RD ST, Los Angeles",7448,231,3.1,33.7953557,-118.3265074,low,Saturday,15,4
"257TH ST, Los Angeles",2117,44,2.08,33.7906923,-118.3145654,low,Tuesday,8,4
"25TH ST, Los Angeles",223090,25,0.01,34.0392946,-118.48322,low,Friday,15,19
"26TH ST, Los Angeles",1596,376,23.56,34.0330223,-118.4739867,low,Saturday,1,19
"27TH ST, Los Angeles",9562,63,0.66,34.0252198,-118.4635328,low,Friday,14,19
"28TH ST, Los Angeles",12875,263,2.04,34.0187976,-118.455848,low,Friday,17,19
"29TH ST, Los Angeles",4162,260,6.25,34.0220868,-118.4571734,low,Thursday,10,19
"2ND AV, Los Angeles",4686,213,4.55,34.0343617,-118.3188628,low,Wednesday,12,17
"2ND PL, Los Angeles",6544,164,2.51,33.8784926,-118.4082728,low,Saturday,19,2
"2ND ST, Los Angeles",58374,2,0.0,33.7576567,-118.1125867,low,Monday,11,11
"30TH ST, Los Angeles",9025,666,7.38,33.7169615,-118.2874334,low,Monday,16,4
"31ST ST, Los Angeles",2153,302,14.03,34.0263901,-118.2922791,low,Tuesday,19,17
"32ND ST, Los Angeles",6042,81,1.34,34.0237941,-118.454247,low,Saturday,21,19
"33RD ST, Los Angeles",976,123,12.6,34.0243899,-118.453223,low,Tuesday,10,19
"34TH ST, Los Angeles",466,93,19.96,34.0249958,-118.452194,low,Wednesday,22,19
"35TH PL, Los Angeles",2048,30,1.46,33.8999971,-118.4174054,low,Thursday,9,2
"35TH ST, Los Angeles",15181,42,0.28,33.9000916,-118.4159115,low,Friday,3,2
"36TH PL, Los Angeles",6878,132,1.92,33.9001771,-118.4191555,low,Saturday,20,2
"36TH ST, Los Angeles",484,130,26.86,33.8221575,-118.1857044,low,Saturday,3,11
"37TH PL, Los Angeles",8418,189,2.25,34.0174002,-118.2822791,low,Sunday,18,21
"37TH ST, Los Angeles",16535,64,0.39,34.016326,-118.2771819,low,Sunday,10,21
"38TH PL, Los Angeles",6021,150,2.49,33.7595393,-118.1486476,low,Saturday,15,11
"38TH ST, Los Angeles",3854,46,1.19,33.9015169,-118.4183919,low,Saturday,1,2
"39TH ST, Los Angeles",8061,109,1.35,33.9021324,-118.4186911,low,Sunday,11,2
"3RD AV, Los Angeles",4286,304,7.09,34.0296547,-118.320044,low,Saturday,13,17
"3RD ST, Los Angeles",634585,171,0.03,34.0066398,-118.4857617,low,Friday,14,19
"41ST DR, Los Angeles",6644,3434,51.69,34.0090308,-118.3138236,medium,Friday,18,17
"41ST PL, Los Angeles",12576,57,0.45,34.0081409,-118.3138254,low,Friday,1,17
"41ST ST, Los Angeles",25995,169,0.65,34.6820844,-118.203707,low,Friday,7,8
"42ND PL, Los Angeles",1516,366,24.14,34.0060789,-118.3045763,low,Friday,13,17
"42ND ST, Los Angeles",2826,147,5.2,33.904116,-118.419308,low,Friday,7,2
"43RD PL, Los Angeles",1337,252,18.85,34.0042845,-118.3303578,low,Tuesday,8,17
"43RD ST, Los Angeles",14939,154,1.03,33.9047326,-118.4196004,low,Sunday,17,2
"46TH ST, Los Angeles",1144,325,28.41,34.0019222,-118.3007353,low,Friday,2,17
"47TH ST, Los Angeles",3609,207,5.74,33.9992478,-118.1981434,low,Saturday,1,12
"48TH PL, Los Angeles",2688,202,7.51,33.9993682,-118.2452143,low,Friday,7,21
"48TH ST, Los Angeles",79631,44,0.06,33.9998658,-118.2959044,low,Tuesday,22,17
"49TH ST, Los Angeles",6324,482,7.62,33.999078,-118.2247289,low,Monday,8,12
"4TH AV, Los Angeles",9045,239,2.64,34.0473296,-118.3213029,low,Monday,8,17
"4TH ST, Los Angeles",150267,228,0.15,34.001203,-118.4787164,low,Friday,17,19
"51ST PL, Los Angeles",562,1482,263.7,33.9959928,-118.2991177,high,Wednesday,7,17
"52ND PL, Los Angeles",532,41,7.71,33.9946877,-118.2745681,low,Friday,16,10
"52ND ST, Los Angeles",6834,50,0.73,33.9956984,-118.2245489,low,Saturday,17,12
"53RD ST, Los Angeles",1673,280,16.74,33.9948266,-118.2499358,low,Friday,8,10
"54TH ST, Los Angeles",105173,198,0.19,33.9931595,-118.3252142,low,Thursday,15,17
"56TH ST, Los Angeles",5520,999,18.1,33.9914053,-118.2909154,low,Saturday,17,10
"57TH ST, Los Angeles",29065,200,0.69,33.9909066,-118.2039984,low,Wednesday,8,12
"59TH ST, Los Angeles",1078,277,25.7,33.9869081,-118.3614413,low,Monday,20,17
"5TH AV, Los Angeles",10875,209,1.92,33.9712431,-118.3220834,low,Monday,15,17
"5TH ST, Los Angeles",54668,173,0.32,33.7735381,-118.1893802,low,Thursday,14,11
"60TH ST, Los Angeles",3289,805,24.48,34.6933463,-118.2287799,low,Friday,15,8
"62ND ST, Los Angeles",27006,286,1.06,33.9833757,-118.3110387,low,Thursday,19,17
"64TH ST, Los Angeles",709,234,33.0,33.9821275,-118.3682003,medium,Friday,15,17
"65TH PL, Los Angeles",1261,159,12.61,33.7483217,-118.1205263,low,Monday,12,11
"65TH ST, Los Angeles",767,52,6.78,33.9806198,-118.2695738,low,Friday,17,10
"66TH ST, Los Angeles",402,129,32.09,33.9798292,-118.2821526,low,Monday,2,10
"67TH ST, Los Angeles",14055,116,0.83,33.876374,-118.187012,low,Thursday,14,11
"6TH AV, Los Angeles",20618,176,0.85,34.0370656,-118.3236412,low,Friday,17,17
"6TH ST, Los Angeles",675198,222,0.03,34.0521672,-118.2593307,low,Saturday,19,21
"70TH ST, Los Angeles",3421,3114,91.03,34.5251561,-118.0096961,high,Tuesday,7,24
"71ST ST, Los Angeles",1519,159,10.47,33.97573,-118.2520464,low,Wednesday,8,10
"73RD ST, Los Angeles",2298,138,6.01,33.973697,-118.2777064,low,Friday,12,10
"74TH ST, Los Angeles",1053,169,16.05,33.9726538,-118.3331058,low,Saturday,7,17
"76TH ST, Los Angeles",13501,212,1.57,33.9709242,-118.3046462,low,Saturday,11,10
"78TH PL, Los Angeles",1002,360,35.93,33.9698205,-118.3972714,medium,Friday,7,2
"78TH ST, Los Angeles",9966,14,0.14,33.9704946,-118.3966101,low,Monday,19,2
"7TH AV, Los Angeles",7612,198,2.6,34.0012194,-118.47066,low,Friday,22,19
"7TH ST, Los Angeles",53950,191,0.35,34.0036234,-118.4750069,low,Friday,14,19
"81ST PL, Los Angeles",496,1914,385.89,33.9650937,-118.2958815,high,Monday,7,10
"81ST ST, Los Angeles",848,6,0.71,33.9659662,-118.2782558,low,Thursday,2,10
"82ND ST, Los Angeles",1118,179,16.01,33.9614435,-118.4322323,low,Saturday,13,2
"84TH PL, Los Angeles",745,205,27.52,33.9621184,-118.3994475,low,Tuesday,11,2
"84TH ST, Los Angeles",6733,124,1.84,33.9617912,-118.4203243,low,Tuesday,9,2
"87TH PL, Los Angeles",1885,202,10.72,33.9578681,-118.4086239,low,Friday,9,2
"88TH PL, Los Angeles",13388,79,0.59,33.9562427,-118.4034649,low,Thursday,12,2
"88TH ST, Los Angeles",16235,108,0.67,33.9572914,-118.4249576,low,Tuesday,16,2
"89TH ST, Los Angeles",16008,150,0.94,33.9559277,-118.3954783,low,Wednesday,18,2
"8TH ST, Los Angeles",206930,178,0.09,34.2988176,-118.4267195,low,Thursday,18,3
"90TH ST, Los Angeles",4333,2148,49.57,33.9550986,-118.278833,medium,Saturday,18,10
"91ST ST, Los Angeles",711,150,21.1,33.9537858,-118.2651289,low,Sunday,5,10
"92ND ST, Los Angeles",217862,172,0.08,33.9532729,-118.2385445,low,Wednesday,8,10
"94TH ST, Los Angeles",4838,593,12.26,33.9512643,-118.3898692,low,Sunday,2,2
"95TH ST, Los Angeles",11623,135,1.16,33.9505349,-118.2339997,low,Saturday,18,10
"96TH ST, Los Angeles",750,124,16.53,33.9488424,-118.3945153,low,Wednesday,8,2
"97TH ST, Los Angeles",13564,126,0.93,34.6078439,-118.3033095,low,Saturday,21,8
"98TH ST, Los Angeles",1432,185,12.92,33.9468985,-118.3755212,low,Friday,17,2
"9TH AV, Los Angeles",2586,193,7.46,34.0089809,-118.3271792,low,Friday,21,17
"9TH ST, Los Angeles",90158,59,0.07,34.0284496,-118.2400445,low,Saturday,8,21
"A ST, Los Angeles",546,700,128.21,34.318824,-118.4802865,high,Thursday,7,3
"ABBOT KINNEY BL, Los Angeles",82269,3,0.0,33.9914766,-118.4692782,low,Sunday,13,19
"ACADEMY RD, Los Angeles",3088,169,5.47,34.0791529,-118.2438564,low,Sunday,18,21
"ADAMS BL, Los Angeles",162866,97,0.06,33.8485544,-118.0805347,low,Sunday,18,20
"ADDISON ST, Los Angeles",17942,1991,11.1,34.1619176,-118.4868966,low,Friday,9,16
"AINSWORTH ST, Los Angeles",2788,86,3.08,33.9249002,-118.2901839,low,Tuesday,8,10
"ALAMEDA ST, Los Angeles",601735,34,0.01,33.7886538,-118.241847,low,Saturday,9,4
"ALBANY ST, Los Angeles",8232,1369,16.63,34.0463668,-118.2721287,low,Sunday,8,21
"ALCAZAR ST, Los Angeles",7088,45,0.63,34.0624799,-118.1982259,low,Friday,16,12
"ALDAMA ST, Los Angeles",1415,42,2.97,34.111815,-118.207331,low,Friday,1,0
"ALEXANDRIA AV, Los Angeles",5301,43,0.81,33.8143884,-118.2962883,low,Friday,18,4
"ALGER ST, Los Angeles",4957,227,4.58,34.1343434,-118.2664814,low,Saturday,18,15
"ALHAMBRA AV, Los Angeles",339801,6,0.0,34.0785701,-118.1611117,low,Friday,2,0
"ALLESANDRO ST, Los Angeles",102333,150,0.15,34.0899067,-118.2587841,low,Saturday,19,15
"ALMA ST, Los Angeles",9287,40,0.43,33.8754591,-118.2035257,low,Thursday,7,11
"ALPINE ST, Los Angeles",25851,58,0.22,34.0643636,-118.2454415,low,Saturday,10,21
"ALSACE AV, Los Angeles",1009,85,8.42,34.0362944,-118.3536931,low,Friday,17,17
"ALTURA ST, Los Angeles",1422,21,1.48,34.0756358,-118.2026822,low,Tuesday,20,12
"ALVARADO ST, Los Angeles",413878,11,0.0,34.0671156,-118.2700475,low,Thursday,16,21
"ALVIRA ST, Los Angeles",2972,1272,42.8,34.0331557,-118.3763024,medium,Sunday,2,7
"AMADOR PL, Los Angeles",2547,22,0.86,34.0757559,-118.2328436,low,Sunday,16,21
"AMADOR ST, Los Angeles",8195,1,0.01,34.0747853,-118.2326335,low,Thursday,7,21
"AMBOY AV, Los Angeles",37431,6,0.02,34.2517983,-118.4217977,low,Friday,15,3
"AMELIA AV, Los Angeles",2227,64,2.87,33.7658911,-118.3030549,low,Sunday,17,4
"AMES ST, Los Angeles",1594,7,0.44,34.1088413,-118.2787783,low,Friday,9,15
"AMESTOY AV, Los Angeles",1697,1,0.06,34.2653492,-118.50665,low,Thursday,2,14
"ANAHEIM BL, Los Angeles",23007,83,0.36,34.1872291,-117.7011673,low,Saturday,10,5
"ANAHEIM ST, Los Angeles",701763,10,0.0,33.7819667,-118.1893846,low,Saturday,18,11
"ANDALUSIA AV, Los Angeles",353,805,228.05,33.9890599,-118.4673587,high,Tuesday,18,19
"ANDERSON ST, Los Angeles",18945,12,0.06,33.8825677,-118.3993001,low,Tuesday,15,2
"ANDRITA ST, Los Angeles",1237,24,1.94,34.1179304,-118.2437233,low,Friday,17,15
"ANGELES VISTA BL, Los Angeles",8281,22,0.27,34.0049286,-118.4303072,low,Saturday,16,7
"ANGUS ST, Los Angeles",3295,7,0.21,34.1068419,-118.2703786,low,Thursday,7,15
"ANZAC AV, Los Angeles",663,8,1.21,33.9456626,-118.2378929,low,Thursday,15,10
"APPERSON ST, Los Angeles",5294,40,0.76,34.2559755,-118.2963945,low,Saturday,17,23
"APPLETON ST, Los Angeles",1376,93,6.76,34.1212974,-118.262547,low,Sunday,13,15
"AQUEDUCT AV, Los Angeles",210,2,0.95,34.2120312,-118.4737539,low,Saturday,17,16
"ARBOR VITAE ST, Los Angeles",18062,53,0.29,33.9526555,-118.3798508,low,Friday,18,2
"ARCADIA ST, Los Angeles",71983,37,0.05,34.0546947,-118.2382132,low,Thursday,7,21
"ARDMORE AV, Los Angeles",867,100,11.53,34.0935466,-118.3012478,low,Saturday,11,6
"ARGUS DR, Los Angeles",1107,296,26.74,34.1386618,-118.2062252,low,Monday,9,0
"ARLETA AV, Los Angeles",45581,3,0.01,34.2357554,-118.4194072,low,Friday,13,3
"ARLINGTON AV, Los Angeles",178000,408,0.23,34.0370921,-118.3176866,low,Monday,15,17
"ARMINTA ST, Los Angeles",787,1301,165.31,34.212801,-118.6336445,high,Monday,2,1
"ARMSTRONG AV, Los Angeles",425,180,42.35,34.103518,-118.2633596,medium,Friday,7,15
"ARROYO GLEN ST, Los Angeles",536,2,0.37,34.1128888,-118.1846431,low,Wednesday,18,0
"ARROYO GLEN, Los Angeles",475,7,1.47,34.1128888,-118.1846431,low,Friday,17,0
"ARTESIAN ST, Los Angeles",1225,1,0.08,34.0809045,-118.2186642,low,Saturday,17,12
"ASCOT AV, Los Angeles",1034,4,0.39,34.0059071,-118.2497569,low,Friday,19,21
"ATHENS BL, Los Angeles",775,65,8.39,33.920407,-118.2790494,low,Tuesday,16,10
"AVALON AV, Los Angeles",29008,7,0.02,34.0667212,-117.7893413,low,Thursday,12,5
"AVALON BL, Los Angeles",432836,38,0.01,33.34221,-118.3272612,low,Tuesday,1,13
"AVE 19, Los Angeles",6983,2254,32.28,34.0798702,-118.2259012,low,Wednesday,1,12
"AVE 26, Los Angeles",59333,1,0.0,34.0825193,-118.2209372,low,Saturday,18,12
"AVE 35, Los Angeles",227,5,2.2,34.1197635,-118.2394045,low,Friday,7,15
"AVE 50, Los Angeles",13992,2,0.01,34.1066037,-118.2033367,low,Friday,12,0
"AVE 51, Los Angeles",8537,5,0.06,34.1245116,-118.2038021,low,Friday,7,0
"AVE 53, Los Angeles",6801,1,0.01,34.1109156,-118.200873,low,Friday,17,0
"AVE 54, Los Angeles",3946,5,0.13,34.1134219,-118.1991125,low,Friday,14,0
"AVE 55, Los Angeles",6903,3,0.04,34.1093445,-118.1963133,low,Monday,8,0
"AVE 60, Los Angeles",18430,4,0.02,34.1119101,-118.1903824,low,Monday,7,0
"AVE 63, Los Angeles",5246,1,0.02,34.1144637,-118.1828336,low,Friday,2,0
"AVE 64, Los Angeles",44442,1,0.0,34.1208263,-118.1777611,low,Wednesday,7,0
"AVE OF THE STARS, Los Angeles",12859,3,0.02,34.0572927,-118.4144335,low,Friday,18,7
"AVENUE 26, Los Angeles",193,1,0.52,34.0825193,-118.2209372,low,Saturday,21,12
"AVENUE 35, Los Angeles",362,313,86.46,34.1197635,-118.2394045,high,Thursday,21,15
"AVENUE 37, Los Angeles",1452,15,1.03,34.1189715,-118.2345248,low,Wednesday,16,15
"AVENUE 43, Los Angeles",7422,14,0.19,34.0930607,-118.2059014,low,Friday,5,0
"AVENUE 49, Los Angeles",1770,47,2.66,34.117208,-118.2103212,low,Friday,8,0
"AVENUE 50, Los Angeles",39337,24,0.06,34.1066037,-118.2033367,low,Friday,12,0
"AVENUE 51, Los Angeles",32655,152,0.47,34.1245116,-118.2038021,low,Thursday,8,0
"AVENUE 52, Los Angeles",20118,65,0.32,34.1089282,-118.2013975,low,Saturday,23,0
"AVENUE 54, Los Angeles",7439,142,1.91,34.1134219,-118.1991125,low,Friday,17,0
"AVENUE 60, Los Angeles",435,53,12.18,34.1119101,-118.1903824,low,Sunday,2,0
"AVENUE OF THE STARS, Los Angeles",21991,92,0.42,34.0572927,-118.4144335,low,Sunday,19,7
"AVIATION BL, Los Angeles",33548,94,0.28,33.8114761,-118.1533808,low,Thursday,2,11
"AVOCADO ST, Los Angeles",12476,163,1.31,34.1110328,-118.2857977,low,Tuesday,1,15
"AXTELL ST, Los Angeles",2152,20,0.93,34.0856298,-118.1748607,low,Thursday,7,0
"BAIRD AV, Los Angeles",1201,10,0.83,34.1956797,-118.5373412,low,Friday,1,14
"BAKER ST, Los Angeles",32229,69,0.21,34.0701197,-118.227272,low,Sunday,19,12
"BALBOA BL, Los Angeles",194452,7,0.0,34.1859031,-118.50101,low,Saturday,14,16
"BANDERA ST, Los Angeles",1378,2796,202.9,33.9533585,-118.239659,high,Saturday,20,10
"BANDINI ST, Los Angeles",2769,31,1.12,33.7383536,-118.2989379,low,Sunday,8,4
"BANGOR ST, Los Angeles",2669,14,0.52,34.0361552,-118.3531967,low,Thursday,15,17
"BANNING BL, Los Angeles",2555,16,0.63,33.789935,-118.2581411,low,Friday,9,4
"BANNING ST, Los Angeles",2751,18,0.65,34.0492217,-118.2328622,low,Monday,16,21
"BARBARA ST, Los Angeles",13194,7,0.05,33.7191774,-118.3026749,low,Sunday,9,4
"BARHAM BL, Los Angeles",3324,6,0.18,34.1339136,-118.3433721,low,Saturday,3,6
"BARRINGTON AV, Los Angeles",143622,280,0.19,34.0641671,-118.4687321,low,Friday,12,19
"BARTEE AV, Los Angeles",18808,685,3.64,34.244776,-118.4260265,low,Monday,22,3
"BARTON AV, Los Angeles",1887,38,2.01,34.0877099,-118.3362697,low,Friday,15,6
"BATES AV, Los Angeles",999,16,1.6,34.0946218,-118.2828097,low,Friday,16,15
"BAY VIEW AV, Los Angeles",1295,12,0.93,33.7907641,-118.2707749,low,Saturday,2,4
"BEACHWOOD DR, Los Angeles",61060,2,0.0,34.1126206,-118.3214549,low,Sunday,15,6
"BEACHY AV, Los Angeles",20858,85,0.41,34.2426767,-118.4325257,low,Saturday,15,3
"BEACON ST, Los Angeles",846,85,10.05,34.4516194,-118.6220002,low,Wednesday,17,22
"BEATRICE ST, Los Angeles",1324,27,2.04,33.9808154,-118.4153183,low,Thursday,15,2
"BEAUDRY AV, Los Angeles",57306,5,0.01,34.0654555,-118.2479761,low,Thursday,17,21
"BECK AV, Los Angeles",721,200,27.74,34.2084676,-118.3834287,low,Tuesday,16,9
"BEDFORD ST, Los Angeles",1602,101,6.3,34.0516101,-118.380921,low,Wednesday,8,7
"BELHAVEN AV, Los Angeles",1941,72,3.71,33.9289087,-118.2557685,low,Wednesday,16,10
"BELLAIRE AV, Los Angeles",6637,6,0.09,34.168505,-118.4094327,low,Friday,17,9
"BELLE PORTE AV, Los Angeles",1991,230,11.55,33.7937667,-118.3011701,low,Saturday,12,4
"BELLEGLADE AV, Los Angeles",301,37,12.29,34.0724057,-118.1751971,low,Friday,10,12
"BELLEVUE AV, Los Angeles",11579,3,0.03,34.0705493,-118.2612395,low,Friday,7,21
"BELLINGHAM AV, Los Angeles",4096,94,2.29,34.1692644,-118.399229,low,Monday,7,9
"BENTLEY AV, Los Angeles",2709,70,2.58,34.0270545,-118.4263695,low,Thursday,18,7
"BENTON WAY, Los Angeles",5471,57,1.04,34.0799625,-118.2709596,low,Thursday,18,15
"BERENDO ST, Los Angeles",43026,2,0.0,34.0744908,-118.2941919,low,Friday,19,6
"BERKELEY AV, Los Angeles",3414,261,7.64,34.0873693,-118.2691862,low,Wednesday,8,15
"BERNAL AV, Los Angeles",4947,48,0.97,34.0336569,-118.1984781,low,Tuesday,6,12
"BERRY DR, Los Angeles",689,18,2.61,34.1348194,-118.3785044,low,Saturday,18,9
"BEVERLY BL, Los Angeles",72110,17,0.02,33.9881478,-118.0463178,low,Sunday,16,20
"BEVERLY GLEN BL, Los Angeles",397700,2439,0.61,34.1077855,-118.4456361,low,Friday,17,16
"BIG TUJUNGA CANYON RD, Los Angeles",5699,596,10.46,34.2851029,-118.2916528,low,Thursday,19,23
"BIXEL ST, Los Angeles",38739,12,0.03,34.0507666,-118.2642865,low,Sunday,15,21
"BLACKWELDER ST, Los Angeles",1959,119,6.07,34.0277659,-118.3608831,low,Friday,14,17
"BLAKE AV, Los Angeles",2458,19,0.77,34.0903978,-118.2354619,low,Wednesday,20,15
"BLAKESLEE AV, Los Angeles",1443,15,1.04,34.1665589,-118.37247,low,Sunday,12,9
"BLANCHARD ST, Los Angeles",21311,15,0.07,34.0460827,-118.1925481,low,Friday,4,12
"BLEDSOE ST, Los Angeles",14492,16,0.11,34.3216181,-118.4470476,low,Friday,14,3
"BLINN AV, Los Angeles",12300,72,0.59,33.7871969,-118.245107,low,Wednesday,16,4
"BLUCHER AV, Los Angeles",1871,22,1.18,34.1849205,-118.4722902,low,Saturday,8,16
"BLYTHE ST, Los Angeles",19109,34,0.18,34.2164657,-118.4649,low,Wednesday,6,16
"BOCA AV, Los Angeles",5156,77,1.49,34.065034,-118.1861627,low,Thursday,10,12
"BOCCACCIO AV, Los Angeles",534,7,1.31,33.9888228,-118.457984,low,Wednesday,16,19
"BONNER AV, Los Angeles",2439,4,0.16,34.1812296,-118.3741456,low,Friday,22,9
"BONNIE BRAE ST, Los Angeles",11261,22,0.2,34.0747886,-118.2632982,low,Saturday,15,21
"BORDEN AV, Los Angeles",34705,155,0.45,34.3061057,-118.4413567,low,Thursday,10,3
"BOSQUE DR, Los Angeles",7776,163,2.1,34.150104,-118.499985,low,Friday,12,16
"BOWDOIN ST, Los Angeles",23684,8,0.03,34.0461814,-118.5303584,low,Tuesday,14,19
"BOYLE AV, Los Angeles",21948,13,0.06,34.0474807,-118.2198553,low,Thursday,7,12
"BRADDOCK DR, Los Angeles",65101,161,0.25,33.9873616,-118.4222639,low,Wednesday,5,7
"BRADLEY AV, Los Angeles",16981,69,0.41,34.2718809,-118.4214241,low,Friday,17,3
"BRANFORD ST, Los Angeles",59036,193,0.33,34.2336649,-118.4231498,low,Friday,22,3
"BREED ST, Los Angeles",17455,314,1.8,34.0448718,-118.2105168,low,Friday,1,12
"BRIER AV, Los Angeles",959,66,6.88,34.100117,-118.2579984,low,Friday,17,15
"BRIMFIELD AV, Los Angeles",5524,3,0.05,34.2230608,-118.4592222,low,Thursday,13,16
"BROAD AV, Los Angeles",24540,26,0.11,33.7711546,-118.2604479,low,Monday,7,4
"BROADWAY, Los Angeles",1095352,75,0.01,34.0570604,-118.2423382,low,Thursday,7,21
"BRONSON AV, Los Angeles",45276,3784,8.36,34.0907545,-118.3179431,low,Sunday,13,6
"BUCHANAN ST, Los Angeles",1461,303,20.74,34.1204483,-118.2113607,low,Saturday,13,0
"BUCKLER AV, Los Angeles",1824,15,0.82,33.9850452,-118.3517993,low,Wednesday,18,17
"BUDLONG AV, Los Angeles",17511,8,0.05,34.0273194,-118.2959206,low,Saturday,5,17
"BUNDY DR, Los Angeles",93391,326,0.35,34.0158838,-118.4428781,low,Saturday,14,19
"BURBANK BL, Los Angeles",259142,673,0.26,34.1816482,-118.3258554,low,Friday,18,9
"BURNSIDE AV, Los Angeles",67570,2898,4.29,34.0674901,-118.3521439,low,Saturday,2,6
"BYNNER DR, Los Angeles",1016,71,6.99,33.7384064,-118.3158502,low,Thursday,18,4
"CABRILLO AV, Los Angeles",25547,5,0.02,33.9902359,-118.4672916,low,Tuesday,18,19
"CADILLAC AV, Los Angeles",43559,91,0.21,34.0373688,-118.373967,low,Monday,17,7
"CAHUENGA BL, Los Angeles",264375,153,0.06,34.0911222,-118.288964,low,Wednesday,16,15
"CALIFA ST, Los Angeles",710,1773,249.72,34.177206,-118.6047539,high,Friday,8,1
"CALNEVA DR, Los Angeles",5345,118,2.21,34.1338706,-118.4951481,low,Monday,1,16
"CALVERT ST, Los Angeles",14677,23,0.16,34.1823428,-118.5534911,low,Friday,17,1
"CAMARILLO ST, Los Angeles",27255,144,0.53,34.1576475,-118.3745881,low,Friday,17,9
"CAMBRIDGE ST, Los Angeles",6596,245,3.71,34.0445446,-118.3041562,low,Friday,23,17
"CAMDEN AV, Los Angeles",5199,18,0.35,34.0501532,-118.443918,low,Saturday,17,7
"CAMERFORD AV, Los Angeles",982,32,3.26,34.0843999,-118.324417,low,Tuesday,3,6
"CAMULOS ST, Los Angeles",5221,18,0.34,34.0359652,-118.2074227,low,Thursday,10,12
"CANOGA AV, Los Angeles",47949,28,0.06,34.1819388,-118.5975284,low,Monday,7,1
"CANTERBURY AV, Los Angeles",1654,1098,66.38,34.2360081,-118.4312991,high,Monday,7,3
"CANYON LAKE DR, Los Angeles",6567,92,1.4,34.1274673,-118.3268059,low,Thursday,14,6
"CANZONET ST, Los Angeles",1135,13,1.15,34.1665404,-118.6307855,low,Friday,15,1
"CAPITOL DR, Los Angeles",23689,6,0.03,33.7578408,-118.2969771,low,Friday,22,4
"CAPPS AV, Los Angeles",717,42,5.86,34.2065798,-118.5393485,low,Friday,17,14
"CARLTON WY, Los Angeles",684,15,2.19,34.1004582,-118.3196246,low,Wednesday,22,6
"CARONDELET ST, Los Angeles",35772,59,0.16,34.0649591,-118.2765855,low,Thursday,17,21
"CARRILLO DR, Los Angeles",66336,66,0.1,34.0604282,-118.367316,low,Saturday,17,6
"CARSON ST, Los Angeles",166074,15,0.01,33.8323714,-118.1398595,low,Thursday,16,11
"CASE AV, Los Angeles",1244,204,16.4,34.1700457,-118.3719504,low,Monday,14,9
"CASHIO ST, Los Angeles",3043,23,0.76,34.0522073,-118.4003548,low,Friday,20,7
"CASITAS AV, Los Angeles",320,74,23.13,34.1118774,-118.2470443,low,Monday,14,15
"CASTALIA AV, Los Angeles",2417,15,0.62,34.085171,-118.1759468,low,Monday,17,0
"CASTLE ST, Los Angeles",12870,7,0.05,34.0941554,-118.2685726,low,Thursday,20,15
"CATALINA AV, Los Angeles",10117,2,0.02,34.1345241,-118.1293308,low,Friday,15,0
"CELES ST, Los Angeles",162,19,11.73,34.1618618,-118.6060103,low,Friday,16,1
"CENTER WY, Los Angeles",296259,2,0.0,33.9443795,-118.4032313,low,Thursday,17,2
"CENTINELA AV, Los Angeles",343246,41,0.01,33.9856674,-118.4143045,low,Tuesday,17,7
"CENTRAL AV, Los Angeles",795183,837,0.11,34.0260558,-118.2490789,low,Friday,23,21
"CENTRE ST, Los Angeles",1979,3336,168.57,33.7450998,-118.2835043,high,Sunday,10,4
"CENTURY BL, Los Angeles",199666,38,0.02,33.9292175,-118.305693,low,Wednesday,15,10
"CENTURY PARK E, Los Angeles",47243,1814,3.84,34.0594596,-118.4128692,low,Saturday,15,7
"CERES AV, Los Angeles",742,1,0.13,34.0368105,-118.2443461,low,Tuesday,10,21
"CESAR CHAVEZ AV, Los Angeles",152427,21,0.01,34.0564816,-118.2327772,low,Saturday,17,21
"CESAR E CHAVEZ AV, Los Angeles",64033,51,0.08,34.0502804,-118.2155839,low,Thursday,14,12
"CHANDLER BL, Los Angeles",84046,620,0.74,34.0566135,-118.248922,low,Friday,14,21
"CHARITON ST, Los Angeles",2570,416,16.19,34.0405937,-118.3780017,low,Saturday,22,7
"CHASE ST, Los Angeles",657,14,2.13,34.2247624,-118.4851797,low,Friday,21,16
"CHATSWORTH DR, Los Angeles",60189,419,0.7,34.2736714,-118.4488831,low,Friday,11,3
"CHATSWORTH ST, Los Angeles",89506,49,0.05,34.2645136,-118.5887521,low,Friday,1,14
"CHENAULT ST, Los Angeles",31022,772,2.49,34.0620785,-118.4595961,low,Friday,13,19
"CHEROKEE AV, Los Angeles",1288,11,0.85,33.9406168,-118.2136304,low,Friday,15,10
"CHEVIOT VISTA PL, Los Angeles",29265,79,0.27,34.0303139,-118.4148827,low,Monday,18,7
"CHEVY CHASE DR, Los Angeles",2426,1,0.04,34.1334134,-118.2709952,low,Friday,17,15
"CHICKASAW AV, Los Angeles",847,17,2.01,34.137503,-118.201529,low,Friday,17,0
"CHIMINEAS AV, Los Angeles",679,5,0.74,34.2778025,-118.5299093,low,Friday,1,14
"CHRISTY AV, Los Angeles",42518,21,0.05,34.2769153,-118.3582561,low,Monday,11,23
"CIMARRON AV, Los Angeles",889,2,0.22,33.9280448,-118.3151445,low,Tuesday,11,10
"CIMARRON ST, Los Angeles",55921,16,0.03,34.0380949,-118.3155308,low,Saturday,23,17
"CLARENCE ST, Los Angeles",35335,140,0.4,34.0390804,-118.2230356,low,Sunday,1,12
"CLARK ST, Los Angeles",2220,33,1.49,34.1684879,-118.4607241,low,Tuesday,21,16
"CLAYTON AV, Los Angeles",1650,115,6.97,34.0999997,-118.2806632,low,Saturday,2,15
"CLEON AV, Los Angeles",801,24,3.0,34.1670016,-118.3685941,low,Friday,5,9
"CLINTON ST, Los Angeles",10740,86,0.8,34.0812396,-118.298072,low,Thursday,1,6
"CLOVER AV, Los Angeles",1475,208,14.1,34.0190271,-118.4438312,low,Friday,14,19
"CLOVERDALE AV, Los Angeles",6315,11,0.17,34.0572656,-118.3481594,low,Tuesday,13,6
"CLOVIS AV, Los Angeles",3444,131,3.8,33.9524874,-118.2564089,low,Friday,8,10
"COCHRAN AV, Los Angeles",23507,46,0.2,34.0668774,-118.3472438,low,Tuesday,21,6
"COEUR D ALENE AV, Los Angeles",682,193,28.3,33.9899774,-118.453576,low,Friday,2,19
"COLDWATER CANYON AV, Los Angeles",182584,11,0.01,34.1455578,-118.4137702,low,Sunday,7,9
"COLDWATER CANYON BL, Los Angeles",19238,927,4.82,34.2703448,-117.7007736,low,Wednesday,12,5
"COLFAX AV, Los Angeles",120900,71,0.06,34.1524501,-118.3877378,low,Friday,15,9
"COLISEUM PL, Los Angeles",43837,306,0.7,34.0164213,-118.3351077,low,Wednesday,17,17
"COLISEUM ST, Los Angeles",123812,3,0.0,34.0182194,-118.3351071,low,Monday,13,17
"COLLEGE ST, Los Angeles",18790,230,1.22,34.0636791,-118.2361818,low,Friday,16,21
"COLUMBIA AV, Los Angeles",5976,451,7.55,34.0513104,-118.2694568,low,Sunday,13,21
"COLUMBUS AV, Los Angeles",7072,32,0.45,34.272182,-118.4629281,low,Tuesday,17,3
"COMMERCE AV, Los Angeles",5262,208,3.95,34.2585764,-118.2885858,low,Sunday,8,23
"COMMONWEALTH AV, Los Angeles",999,67,6.71,34.1068752,-118.285243,low,Friday,17,15
"COMPTON AV, Los Angeles",135588,126,0.09,33.9911658,-118.2477611,low,Friday,11,10
"CONSTELLATION BL, Los Angeles",36098,656,1.82,34.057045,-118.417508,low,Monday,15,7
"CORBIN AV, Los Angeles",149561,31,0.02,34.1731006,-118.562225,low,Friday,1,1
"CORNING ST, Los Angeles",876,1042,118.95,34.0410177,-118.3802255,high,Tuesday,4,7
"CORONADO ST, Los Angeles",16701,54,0.32,34.075487,-118.2714478,low,Tuesday,18,21
"CORONADO TERRACE, Los Angeles",1024,154,15.04,34.074977,-118.2704371,low,Wednesday,15,21
"COUNCIL ST, Los Angeles",1515,1,0.07,34.0656106,-118.2620988,low,Sunday,17,21
"COUNTRY CLUB DR, Los Angeles",2874,92,3.2,34.0494837,-118.3117555,low,Thursday,18,17
"COURTLEIGH DR, Los Angeles",1178,58,4.92,33.9974146,-118.418759,low,Monday,14,7
"COY DR, Los Angeles",2838,7,0.25,34.1318978,-118.4443823,low,Saturday,16,16
"COZYCROFT AV, Los Angeles",945,6,0.63,34.2038954,-118.5819336,low,Saturday,20,1
"CREED AV, Los Angeles",42013,19,0.05,34.0083603,-118.3275419,low,Wednesday,7,17
"CRENSHAW AV, Los Angeles",84821,17,0.02,34.0115306,-118.3373438,low,Friday,18,17
"CRENSHAW BL, Los Angeles",304337,29,0.01,33.9288014,-118.3262837,low,Saturday,19,10
"CRESCENT AV, Los Angeles",15954,3195,20.03,33.3446581,-118.3265988,low,Thursday,22,13
"CRESCENT HEIGHTS BL, Los Angeles",78547,7,0.01,34.0978373,-118.3656169,low,Thursday,12,6
"CROESUS AV, Los Angeles",667,454,68.07,33.9505349,-118.2339997,high,Friday,17,10
"CROWN HILL AV, Los Angeles",9915,38,0.38,34.0605738,-118.2647688,low,Saturday,17,21
"CRUCES ST, Los Angeles",729,7,0.96,33.793403,-118.2482836,low,Saturday,14,4
"CULVER BL, Los Angeles",61931,7,0.01,33.9910584,-118.3914435,low,Friday,1,7
"CUMMINGS ST, Los Angeles",898,608,67.71,34.0428129,-118.2166929,high,Wednesday,14,12
"CURSON AV, Los Angeles",14577,44,0.3,34.0651737,-118.3548443,low,Sunday,14,6
"CYPRESS AV, Los Angeles",68257,178,0.26,34.087187,-118.220194,low,Sunday,19,0
"D ST, Los Angeles",1322,135,10.21,34.3183094,-118.4819802,low,Tuesday,16,3
"DACOTAH ST, Los Angeles",996,30,3.01,34.0292932,-118.2070515,low,Saturday,18,12
"DALLAS ST, Los Angeles",350,14,4.0,34.0938945,-118.2398221,low,Saturday,6,15
"DALY ST, Los Angeles",74815,4,0.01,34.0694962,-118.2155311,low,Saturday,6,12
"DAY ST, Los Angeles",1851,244,13.18,34.252152,-118.2711388,low,Saturday,1,23
"DE LONGPRE AV, Los Angeles",15998,31,0.19,34.0961978,-118.3248356,low,Friday,15,6
"DE SOTO AV, Los Angeles",744448,139,0.02,34.1670256,-118.588164,low,Thursday,12,1
"DEANE ST, Los Angeles",181,2107,1164.09,34.0982755,-118.2592445,high,Friday,9,15
"DEERHORN DR, Los Angeles",2087,1,0.05,34.1429903,-118.4687179,low,Friday,8,16
"DEERING AV, Los Angeles",2162,1,0.05,34.2630671,-118.595693,low,Sunday,2,14
"DELANO ST, Los Angeles",128,59,46.09,34.1821312,-118.3790582,medium,Friday,13,9
"DENISON AV, Los Angeles",592,105,17.74,33.7169734,-118.2888516,low,Friday,13,4
"DENKER AV, Los Angeles",6204,9,0.15,33.9709242,-118.3046462,low,Friday,14,10
"DENKER ST, Los Angeles",3400,424,12.47,33.9709242,-118.3046462,low,Tuesday,15,10
"DENNI ST, Los Angeles",5308,8,0.15,33.8479762,-118.0547487,low,Friday,10,20
"DENVER AV, Los Angeles",449,47,10.47,33.920069,-118.2846864,low,Thursday,18,10
"DERONDA DR, Los Angeles",4216,82,1.94,34.1268409,-118.3216995,low,Thursday,7,6
"DETROIT ST, Los Angeles",2138,4,0.19,34.0985884,-118.3455774,low,Sunday,14,6
"DEVONSHIRE ST, Los Angeles",218361,111,0.05,34.2572707,-118.47174,low,Friday,17,3
"DIAMOND ST, Los Angeles",830,1816,218.8,34.0593326,-118.2535896,high,Wednesday,18,21
"DIVISION ST, Los Angeles",87101,8,0.01,34.113151,-118.222359,low,Saturday,17,0
"DIXIE CANYON AV, Los Angeles",39425,66,0.17,34.1350347,-118.4290316,low,Thursday,16,16
"DOCKWEILER ST, Los Angeles",2401,17,0.71,34.0511735,-118.3385513,low,Tuesday,17,17
"DOHENY DR, Los Angeles",7430,13,0.17,34.055381,-118.3899282,low,Monday,1,7
"DOLORES ST, Los Angeles",1575,92,5.84,34.1220419,-118.2521753,low,Tuesday,16,15
"DONA PEGITA DR, Los Angeles",21501,1,0.0,34.1293572,-118.376161,low,Friday,18,9
"DORAN ST, Los Angeles",10598,2,0.02,34.1546763,-118.2549777,low,Saturday,17,15
"DORCHESTER AV, Los Angeles",675,3,0.44,34.0836596,-118.1643821,low,Friday,17,0
"DORIE DR, Los Angeles",1119,4,0.36,34.2084036,-118.6483204,low,Thursday,23,1
"DOVER ST, Los Angeles",31389,1,0.0,34.1224366,-118.264824,low,Monday,8,15
"DRONFIELD AV, Los Angeles",1001,8,0.8,34.3138094,-118.4449227,low,Sunday,15,3
"DRUID ST, Los Angeles",997,149,14.94,34.0697104,-118.1787231,low,Saturday,17,12
"DUNSMUIR AV, Los Angeles",6165,15,0.24,34.0373792,-118.3576645,low,Monday,17,17
"E ST, Los Angeles",4292,51,1.19,34.0053748,-118.3858715,low,Tuesday,1,7
"EAGLE ROCK BL, Los Angeles",318010,59,0.02,34.1366877,-118.2076796,low,Thursday,17,0
"EASTERN AV, Los Angeles",126654,501,0.4,33.9797765,-118.162965,low,Friday,12,12
"EASTLAKE AV, Los Angeles",7751,217,2.8,34.0630952,-118.2055133,low,Friday,15,12
"ECHO PARK AV, Los Angeles",54045,45,0.08,34.0699724,-118.2596614,low,Sunday,13,21
"ECHO ST, Los Angeles",50581,155,0.31,34.1072587,-118.19365,low,Wednesday,11,0
"EDGEHILL DR, Los Angeles",17545,18,0.1,34.0079973,-118.3304511,low,Friday,19,17
"EDGEMAR AV, Los Angeles",183,57,31.15,33.9879849,-118.3500558,low,Friday,8,17
"EDGEWOOD PL, Los Angeles",2885,1,0.03,34.0545799,-118.3431478,low,Saturday,23,6
"EDINBURGH AV, Los Angeles",3446,49,1.42,34.0702078,-118.3641482,low,Tuesday,19,6
"EFFIE ST, Los Angeles",5221,40,0.77,34.0843745,-118.256671,low,Saturday,3,15
"EL CENTRO AV, Los Angeles",23502,37,0.16,34.0871083,-118.3244287,low,Thursday,14,6
"EL DORADO AV, Los Angeles",2389,86,3.6,34.2508073,-118.4087915,low,Friday,17,3
"EL PASO DR, Los Angeles",51392,83,0.16,34.117274,-118.2163181,low,Saturday,9,0
"EL RIO AV, Los Angeles",167,56,33.53,34.1415035,-118.2160814,medium,Saturday,3,0
"ELBERON AV, Los Angeles",12775,1,0.01,33.7482578,-118.3144094,low,Sunday,15,4
"ELDER ST, Los Angeles",399,13,3.26,34.1224594,-118.175554,low,Thursday,14,0
"ELLENDALE PL, Los Angeles",776,2,0.26,34.0376918,-118.2889068,low,Thursday,16,21
"ELLSMERE AV, Los Angeles",1726,21,1.22,34.0464468,-118.3616575,low,Sunday,13,17
"ELMGROVE ST, Los Angeles",1851,10,0.54,34.0869314,-118.231111,low,Friday,17,15
"ELMWOOD AV, Los Angeles",13188,3,0.02,34.0784918,-118.3157049,low,Tuesday,17,6
"ELMYRA ST, Los Angeles",16025,10,0.06,34.063497,-118.2312747,low,Friday,13,21
"ELYSIAN PARK DR, Los Angeles",664,8,1.2,34.0855876,-118.2448738,low,Tuesday,11,15
"EMELITA ST, Los Angeles",1135,23,2.03,34.1766817,-118.4368751,low,Thursday,9,16
"EMERSON AV, Los Angeles",142734,34,0.02,33.9641231,-118.4043129,low,Wednesday,13,2
"ENCINO AV, Los Angeles",2953,18,0.61,34.1663065,-118.5142039,low,Wednesday,15,16
"ENTRADA DR, Los Angeles",83734,89,0.11,34.0306624,-118.5131891,low,Monday,7,19
"ERWIN ST, Los Angeles",15497,39,0.25,34.1828501,-118.6047867,low,Saturday,11,1
"ESTARA AV, Los Angeles",5209,464,8.91,34.1146874,-118.2377611,low,Saturday,12,15
"ETIWANDA AV, Los Angeles",877,27,3.08,34.2655374,-118.531721,low,Friday,17,14
"ETON AV, Los Angeles",1039,280,26.95,34.1925246,-118.5954576,low,Friday,14,1
"EUBANK AV, Los Angeles",13613,95,0.7,33.7838752,-118.255254,low,Friday,15,4
"EUSTACE ST, Los Angeles",855,53,6.2,34.2872371,-118.4113639,low,Friday,12,3
"EVERETT ST, Los Angeles",1861,37,1.99,34.067305,-118.2497885,low,Friday,14,21
"EVERGREEN AV, Los Angeles",43755,16,0.04,33.9613846,-118.2171195,low,Thursday,17,10
"EXPOSITION BL, Los Angeles",186391,95,0.05,34.0139923,-118.2880286,low,Friday,14,17
"F ST, Los Angeles",6004,680,11.33,34.0047925,-118.3878756,low,Friday,16,7
"FAIR AV, Los Angeles",4476,30,0.67,34.1454548,-118.3746856,low,Tuesday,15,9
"FAIRFAX AV, Los Angeles",514421,120,0.02,34.0716466,-118.3614151,low,Tuesday,1,6
"FALLBROOK AV, Los Angeles",217326,1607,0.74,34.1670713,-118.6233253,low,Friday,16,1
"FARRALONE AV, Los Angeles",2369,669,28.24,34.1883763,-118.6109734,low,Friday,17,1
"FEDERAL AV, Los Angeles",4274,58,1.36,34.0468471,-118.4558332,low,Saturday,9,19
"FERN DELL DR, Los Angeles",23959,101,0.42,34.1100899,-118.3072707,low,Friday,17,6
"FICKETT ST, Los Angeles",34104,30,0.09,34.0441516,-118.2062938,low,Thursday,17,12
"FIGUEROA ST, Los Angeles",2617919,66,0.0,34.057257,-118.2524717,low,Friday,6,21
"FILMORE ST, Los Angeles",832,7558,908.41,34.2578501,-118.4406786,high,Wednesday,16,3
"FINLEY AV, Los Angeles",2058,111,5.39,34.1076972,-118.286167,low,Monday,14,15
"FIRTH BL, Los Angeles",311,17,5.47,33.9426218,-118.2477129,low,Sunday,17,10
"FLETCHER DR, Los Angeles",144935,12,0.01,34.1049853,-118.2580819,low,Sunday,17,15
"FLINT AV, Los Angeles",1881,307,16.32,34.0330337,-118.3972178,low,Sunday,7,7
"FLORENCE AV, Los Angeles",709882,13,0.0,33.9747804,-118.255827,low,Sunday,23,10
"FLOWER ST, Los Angeles",288947,2815,0.97,34.026361,-118.27561,low,Monday,11,21
"FOOTHILL BL, Los Angeles",399225,797,0.2,34.1217589,-117.7087158,low,Friday,17,5
"FOREST LAWN DR, Los Angeles",129449,2650,2.05,34.1517591,-118.3157866,low,Monday,4,6
"FORMAN AV, Los Angeles",1742,207,11.88,34.1493463,-118.3527231,low,Tuesday,5,9
"FOUNTAIN AV, Los Angeles",230023,25,0.01,34.0943415,-118.3451972,low,Saturday,15,6
"FRAMPTON AV, Los Angeles",1955,773,39.54,33.8032455,-118.2991504,medium,Friday,11,4
"FRANKLIN AV, Los Angeles",615296,60,0.01,34.1054449,-118.2790077,low,Friday,7,15
"FRESNO ST, Los Angeles",8047,1027,12.76,34.045636,-118.1937775,low,Thursday,16,12
"FRIAR ST, Los Angeles",12489,15,0.12,34.1857867,-118.4727134,low,Friday,16,16
"FRIES AV, Los Angeles",1680,129,7.68,33.8025295,-118.2659159,low,Thursday,8,4
"FRIES ST, Los Angeles",8382,75,0.89,33.7797121,-118.2653086,low,Saturday,17,4
"FULCHER AV, Los Angeles",1535,1,0.07,34.1702363,-118.373045,low,Friday,7,9
"FULTON AV, Los Angeles",71928,27,0.04,34.1758448,-118.4225199,low,Sunday,15,9
"G ST, Los Angeles",4845,575,11.87,34.1039185,-117.8882748,low,Monday,10,18
"GAFFEY ST, Los Angeles",279849,50,0.02,33.7410545,-118.2923193,low,Friday,8,4
"GAGE AV, Los Angeles",267961,1182,0.44,33.9751943,-118.1267811,low,Friday,17,20
"GAMBIER ST, Los Angeles",8355,1120,13.41,34.0810088,-118.1785089,low,Sunday,8,0
"GARDEN AV, Los Angeles",4106,19,0.46,34.1175287,-118.2611721,low,Monday,2,15
"GARLAND AV, Los Angeles",879,18,2.05,34.0491132,-118.2680007,low,Saturday,16,21
"GARNET ST, Los Angeles",2438,32,1.31,34.0240757,-118.2059473,low,Thursday,7,12
"GARTH AV, Los Angeles",2176,22,1.01,34.0368116,-118.3808611,low,Friday,17,7
"GARVANZA AV, Los Angeles",3720,25,0.67,34.1158186,-118.1820475,low,Saturday,17,0
"GATES ST, Los Angeles",2094,7,0.33,34.0707567,-118.2064374,low,Sunday,22,12
"GAVINA AV, Los Angeles",4560,13,0.29,34.3235509,-118.4114114,low,Friday,14,3
"GAYLEY AV, Los Angeles",11891,15,0.13,34.0674486,-118.4482926,low,Sunday,14,7
"GERMAIN ST, Los Angeles",9074,181,1.99,34.2619792,-118.4906719,low,Sunday,22,14
"GILMORE ST, Los Angeles",18516,22,0.12,34.187664,-118.4458711,low,Sunday,23,16
"GILROY ST, Los Angeles",1927,120,6.23,34.1061536,-118.251775,low,Friday,17,15
"GLADE AV, Los Angeles",3890,7,0.18,34.1695658,-118.6080464,low,Thursday,7,1
"GLEN ELLEN PL, Los Angeles",947,68,7.18,34.1035342,-118.1957931,low,Monday,9,0
"GLEN IRIS AV, Los Angeles",106,8,7.55,34.1355857,-118.2099012,low,Wednesday,1,0
"GLENDALE BL, Los Angeles",273090,3,0.0,34.1469416,-118.2478471,low,Saturday,16,15
"GLENHURST AV, Los Angeles",3298,1256,38.08,34.1158181,-118.2622217,medium,Friday,3,15
"GLENOAKS BL, Los Angeles",74742,23,0.03,34.1521848,-118.2097621,low,Saturday,14,0
"GORDON ST, Los Angeles",943,1565,165.96,34.0943989,-118.320088,high,Friday,14,6
"GOWER ST, Los Angeles",1055,27,2.56,34.1030018,-118.3225103,low,Sunday,17,6
"GRACIA ST, Los Angeles",1829,244,13.34,34.1131493,-118.2576178,low,Friday,17,15
"GRAMERCY PL, Los Angeles",9623,3,0.03,33.8619798,-118.313532,low,Wednesday,8,4
"GRANADA ST, Los Angeles",3024,336,11.11,34.1110658,-118.2000256,low,Wednesday,21,0
"GRAND AV, Los Angeles",124538,14,0.01,33.9174085,-118.4250147,low,Friday,17,2
"GRAND VIEW BL, Los Angeles",8980,21,0.23,34.0536227,-118.2809082,low,Friday,12,21
"GRAND VIEW ST, Los Angeles",54879,32,0.06,34.0626157,-118.2755533,low,Friday,17,21
"GRANDE VISTA AV, Los Angeles",30791,43,0.14,34.05223,-118.24368,low,Friday,23,21
"GRANT ST, Los Angeles",607,71,11.7,34.010234,-118.4825805,low,Saturday,18,19
"GRANVILLE AV, Los Angeles",952,4,0.42,34.0470209,-118.4617441,low,Monday,15,19
"GREEN AV, Los Angeles",41267,81,0.2,34.0514903,-118.270401,low,Saturday,1,21
"GRIFFIN AV, Los Angeles",64632,10,0.02,34.0701738,-118.2116457,low,Thursday,8,12
"GRIFFITH AV, Los Angeles",40589,196,0.48,34.0227581,-118.2556587,low,Saturday,10,21
"GULANA AV, Los Angeles",1081,143,13.23,33.9603364,-118.4365045,low,Sunday,19,2
"GULF AV, Los Angeles",8658,7,0.08,33.8194218,-118.2749479,low,Friday,8,4
"GUTHRIE AV, Los Angeles",5987,68,1.14,34.0407463,-118.3791257,low,Thursday,9,7
"HADDON AV, Los Angeles",15080,68,0.45,34.2555936,-118.4229539,low,Friday,23,3
"HAGAR ST, Los Angeles",9946,111,1.12,34.3043931,-118.4138388,low,Thursday,19,3
"HAINES CANYON AV, Los Angeles",32584,3,0.01,34.250479,-118.2794255,low,Friday,15,23
"HALLDALE AV, Los Angeles",9488,15,0.16,33.9959484,-118.3023911,low,Sunday,8,17
"HALLDALE ST, Los Angeles",1080,215,19.91,33.8327943,-118.3011836,low,Monday,7,4
"HALLETT AV, Los Angeles",24549,6,0.02,34.1084915,-118.2413911,low,Saturday,15,15
"HALSTED ST, Los Angeles",696,3,0.43,34.2446322,-118.4919706,low,Sunday,8,14
"HAMILTON AV, Los Angeles",5714,29,0.51,33.850773,-118.2860164,low,Wednesday,7,4
"HAMLIN ST, Los Angeles",17458,11,0.06,34.188696,-118.446553,low,Saturday,23,16
"HANCOCK ST, Los Angeles",7354,25,0.34,34.0676102,-118.20894,low,Wednesday,22,12
"HANNA AV, Los Angeles",759,30,3.95,34.2251668,-118.6071718,low,Thursday,2,1
"HARBOR BL, Los Angeles",8500,4,0.05,33.9500176,-117.9284007,low,Monday,18,20
"HARBOR FWY, Los Angeles",13875,131,0.94,33.9287193,-118.2812626,low,Saturday,17,10
"HARRINGTON AV, Los Angeles",704,1,0.14,34.0499228,-118.3087915,low,Monday,10,17
"HARRY BRIDGES BL, Los Angeles",15280,5,0.03,33.7542787,-118.1947881,low,Friday,14,11
"HART ST, Los Angeles",35157,24,0.07,34.1975359,-118.4810244,low,Saturday,19,16
"HARTLAND ST, Los Angeles",247,355,143.72,34.1948289,-118.4562288,high,Friday,1,16
"HARVARD BL, Los Angeles",11745,87,0.74,34.2132363,-118.0621863,low,Saturday,1,18
"HASKELL AV, Los Angeles",27066,447,1.65,34.1889266,-118.474866,low,Tuesday,7,16
"HATTERAS ST, Los Angeles",18572,679,3.66,34.1758581,-118.389382,low,Saturday,1,9
"HAUSER BL, Los Angeles",45720,243,0.53,34.5454367,-118.2594457,low,Thursday,17,8
"HAVENHURST AV, Los Angeles",18911,430,2.27,34.0978141,-118.3674629,low,Tuesday,16,6
"HAWAIIAN AV, Los Angeles",2379,21,0.88,33.7806156,-118.2769064,low,Friday,12,4
"HAWTHORN AV, Los Angeles",8227,23,0.28,34.100347,-118.3394614,low,Thursday,15,6
"HAYNES ST, Los Angeles",1006,89,8.85,34.189306,-118.4951025,low,Wednesday,1,16
"HAYVENHURST AV, Los Angeles",84265,112,0.13,34.1902781,-118.492381,low,Friday,20,16
"HAZELTINE AV, Los Angeles",70064,656,0.94,34.1685661,-118.4399691,low,Tuesday,22,16
"HENRY FORD AV, Los Angeles",123622,719,0.58,33.7585319,-118.2411688,low,Thursday,15,4
"HERKIMER ST, Los Angeles",329,41,12.46,34.1090551,-118.2673773,low,Friday,3,15
"HERRICK AV, Los Angeles",20651,2,0.01,34.3103413,-118.4597006,low,Saturday,17,3
"HESBY ST, Los Angeles",1152,132,11.46,34.1622064,-118.409338,low,Thursday,14,9
"HI POINT ST, Los Angeles",4616,49,1.06,34.0417465,-118.371981,low,Thursday,7,7
"HIAWATHA ST, Los Angeles",849,23,2.71,34.2590528,-118.605906,low,Friday,15,1
"HICKORY ST, Los Angeles",730,33,4.52,34.0304173,-118.3475434,low,Wednesday,14,17
"HIGHLAND AV, Los Angeles",827656,22,0.0,34.1035028,-118.3387231,low,Thursday,16,6
"HIGHLAND VIEW AV, Los Angeles",2005,1943,96.91,34.1386425,-118.2084656,high,Saturday,2,0
"HIGHLANDER RD, Los Angeles",574,7,1.22,34.1962004,-118.6507763,low,Friday,21,1
"HILGARD AV, Los Angeles",50233,9,0.02,34.0741162,-118.4379314,low,Tuesday,12,7
"HILL ST, Los Angeles",165299,76,0.05,33.9740758,-118.3687394,low,Sunday,18,2
"HILLCREST DR, Los Angeles",938,908,96.8,33.9930778,-118.3366916,high,Sunday,7,17
"HILLHURST AV, Los Angeles",16901,90,0.53,34.1079483,-118.2874233,low,Thursday,16,15
"HOBART BL, Los Angeles",31280,174,0.56,34.011706,-118.2047921,low,Saturday,14,12
"HOLLOW SPRINGS DR, Los Angeles",19991,358,1.79,34.2853299,-118.5627546,low,Saturday,16,14
"HOLLYWOOD BL, Los Angeles",247589,2,0.0,34.1121836,-118.3392774,low,Wednesday,15,6
"HOLMES AV, Los Angeles",28568,2114,7.4,33.9929743,-118.2411321,low,Monday,7,10
"HOOPER AV, Los Angeles",169389,64,0.04,33.9970732,-118.2521064,low,Sunday,15,10
"HOOPER ST, Los Angeles",15167,624,4.11,33.9966383,-118.2538187,low,Monday,12,10
"HOOVER ST, Los Angeles",428842,48,0.01,34.0608847,-118.2842101,low,Sunday,17,21
"HOPE ST, Los Angeles",14970,2420,16.17,34.0559132,-118.2503864,low,Thursday,20,21
"HORTENSE ST, Los Angeles",19989,299,1.5,34.154846,-118.3811925,low,Friday,17,9
"HUBBARD ST, Los Angeles",211801,43,0.02,34.3047897,-118.4332899,low,Thursday,22,3
"HUDSON AV, Los Angeles",3089,617,19.97,34.0327306,-117.9492934,low,Wednesday,17,18
"HUMBOLDT ST, Los Angeles",33422,61,0.18,34.078817,-118.2196612,low,Saturday,10,12
"HUSTON ST, Los Angeles",37374,35,0.09,34.1594132,-118.398689,low,Monday,18,9
"HYATT AV, Los Angeles",822,100,12.17,33.7851001,-118.2541056,low,Friday,17,4
"HYDE PARK BL, Los Angeles",48701,2,0.0,33.9854024,-118.3308614,low,Friday,18,17
"HYPERION AV, Los Angeles",57206,132,0.23,34.1126348,-118.2664325,low,Friday,16,15
"IMPERIAL HWY, Los Angeles",381063,272,0.07,33.9314783,-118.4039817,low,Tuesday,14,2
"IMPERIAL HY, Los Angeles",31403,6,0.02,34.05223,-118.24368,low,Friday,10,21
"INDEPENDENCE AV, Los Angeles",1704,1936,113.62,34.2572486,-118.590765,high,Saturday,14,14
"INDEX ST, Los Angeles",2498,126,5.04,34.2755395,-118.4792359,low,Monday,5,3
"INGLEWOOD BL, Los Angeles",136202,27,0.02,34.0071484,-118.365997,low,Monday,13,17
"IRVING BL, Los Angeles",5219,238,4.56,34.0401717,-118.3292309,low,Friday,18,17
"ISABEL DR, Los Angeles",434,28,6.45,34.1043334,-118.2274574,low,Friday,16,0
"ISLAND AV, Los Angeles",6457,10,0.15,33.7754168,-118.2660152,low,Thursday,14,4
"JAMES M WOOD BL, Los Angeles",115258,56,0.05,34.05223,-118.24368,low,Sunday,20,21
"JASMINE AV, Los Angeles",1039,484,46.58,34.0259961,-118.4051972,medium,Friday,16,7
"JASON AV, Los Angeles",881,21,2.38,34.2114212,-118.6355202,low,Saturday,12,1
"JEFFERSON BL, Los Angeles",258383,3,0.0,34.0198321,-118.2780639,low,Saturday,8,21
"JENNY AV, Los Angeles",27635,2155,7.8,33.953477,-118.3892303,low,Monday,13,2
"JENSEN DR, Los Angeles",165,26,15.76,34.2231558,-118.6490377,low,Tuesday,10,1
"JUNE ST, Los Angeles",3607,2,0.06,33.875451,-118.2044535,low,Wednesday,16,11
"KANSAS AV, Los Angeles",36030,43,0.12,34.0021428,-118.2937484,low,Friday,13,17
"KENISTON AV, Los Angeles",37362,74,0.2,33.9833851,-118.3417567,low,Friday,7,17
"KENISTON ST, Los Angeles",472,19,4.03,33.9833851,-118.3417567,low,Tuesday,15,17
"KENMORE AV, Los Angeles",8186,1,0.01,34.0933456,-118.2973968,low,Friday,13,15
"KESTER AV, Los Angeles",343,251,73.18,34.1730873,-118.4574512,high,Monday,15,16
"KESWICK ST, Los Angeles",5664,949,16.75,34.2102878,-118.4492656,low,Saturday,5,16
"KILLION ST, Los Angeles",2667,132,4.95,34.1708723,-118.5068003,low,Saturday,9,16
"KING AV, Los Angeles",24884,70,0.28,33.7712199,-118.2748313,low,Wednesday,16,4
"KINGSBURY ST, Los Angeles",1238,31,2.5,34.2637342,-118.4811561,low,Friday,16,3
"KINGSLEY DR, Los Angeles",10939,58,0.53,34.0966536,-118.3031673,low,Friday,14,6
"KISMET AV, Los Angeles",1107,290,26.2,34.3121,-118.422215,low,Friday,17,3
"KITTRIDGE ST, Los Angeles",34005,15,0.04,34.1903328,-118.4099774,low,Saturday,10,9
"KNOX AV, Los Angeles",6242,484,7.75,34.1011433,-118.2461585,low,Friday,14,15
"L ST, Los Angeles",16204,6,0.04,33.7860126,-118.2808847,low,Tuesday,17,4
"LA BREA AV, Los Angeles",619481,180,0.03,34.0341478,-118.3502307,low,Sunday,20,17
"LA CIENEGA BL, Los Angeles",380826,3373,0.89,34.05223,-118.24368,low,Monday,15,21
"LA CLEDE AV, Los Angeles",5463,2814,51.51,34.1142053,-118.2512374,medium,Sunday,22,15
"LA CUESTA DR, Los Angeles",1015,15,1.48,34.1190572,-118.3559318,low,Monday,19,6
"LA JOLLA AV, Los Angeles",10566,1,0.01,33.7669516,-118.1216831,low,Sunday,20,11
"LA MIRADA AV, Los Angeles",968,45,4.65,34.0932319,-118.3285948,low,Wednesday,15,6
"LA SALLE AV, Los Angeles",1154,54,4.68,34.0146153,-118.3056956,low,Thursday,1,17
"LABRADOR ST, Los Angeles",710,89,12.54,34.2493394,-118.4925404,low,Friday,1,14
"LACONIA BL, Los Angeles",678,14,2.06,33.9183281,-118.2858915,low,Friday,22,10
"LAGOON AV, Los Angeles",1058,9,0.85,33.7730932,-118.2671403,low,Saturday,18,4
"LAKE ST, Los Angeles",51151,54,0.11,34.0045417,-118.4587924,low,Wednesday,20,19
"LAKESHORE AV, Los Angeles",1334,133,9.97,34.0378037,-118.4362991,low,Tuesday,7,7
"LAKEWOOD AV, Los Angeles",9690,2,0.02,34.1059582,-118.2645242,low,Monday,7,15
"LAKME AV, Los Angeles",2524,4,0.16,33.7832847,-118.2596012,low,Monday,11,4
"LAMANDA ST, Los Angeles",25844,33,0.13,34.0004503,-118.4254448,low,Thursday,3,7
"LANARK ST, Los Angeles",24862,2,0.01,34.2167081,-118.440344,low,Friday,15,16
"LANKERSHIM BL, Los Angeles",857764,263,0.03,34.1410212,-118.3610159,low,Thursday,15,9
"LANZIT AV, Los Angeles",16148,2089,12.94,33.9304287,-118.2705232,low,Friday,12,10
"LAS PALMAS AV, Los Angeles",22001,40,0.18,34.0909071,-118.3362903,low,Friday,13,6
"LASSEN ST, Los Angeles",282026,160,0.06,34.2501392,-118.4817078,low,Wednesday,14,3
"LAUREL CANYON BL, Los Angeles",371750,1103,0.3,34.1684654,-118.3962958,low,Friday,15,9
"LEDGE AV, Los Angeles",3368,3906,115.97,34.1558292,-118.3571278,high,Friday,18,9
"LEDGEWOOD DR, Los Angeles",4607,14,0.3,34.1284403,-118.3215607,low,Sunday,8,6
"LEIGHTON AV, Los Angeles",1908,10,0.52,34.0128067,-118.3132553,low,Monday,6,17
"LEIMERT ST, Los Angeles",44878,36,0.08,34.0147347,-118.3345203,low,Sunday,1,17
"LELAND AV, Los Angeles",2232,1,0.04,33.9299128,-118.042012,low,Tuesday,9,20
"LELAND ST, Los Angeles",3388,10,0.3,33.7288349,-118.3011991,low,Friday,8,4
"LEMARSH ST, Los Angeles",961,34,3.54,34.2554079,-118.5931029,low,Friday,5,14
"LEMON ST, Los Angeles",3783,41,1.08,34.0279117,-118.233663,low,Sunday,19,21
"LEWIS ST, Los Angeles",284,10,3.52,34.1222072,-118.1800917,low,Monday,14,0
"LEXINGTON AV, Los Angeles",36342,3,0.01,34.0927833,-118.3097815,low,Friday,14,6
"LINCOLN AV, Los Angeles",5759,204,3.54,34.1210113,-118.2092684,low,Friday,18,0
"LINCOLN BL, Los Angeles",305604,59,0.02,34.0705023,-117.7453381,low,Sunday,2,5
"LINCOLN PARK AV, Los Angeles",10259,1792,17.47,34.0740376,-118.2027654,low,Saturday,17,12
"LINDA ROSA AV, Los Angeles",1281,40,3.12,34.1354493,-118.2074685,low,Sunday,1,0
"LINDLEY AV, Los Angeles",53494,5,0.01,34.1709051,-118.5272898,low,Wednesday,16,16
"LOMA VERDE AV, Los Angeles",376,952,253.19,34.1965667,-118.5895399,high,Monday,18,1
"LOMITA BL, Los Angeles",50954,20,0.04,33.8036545,-118.3195014,low,Monday,8,4
"LOMITA ST, Los Angeles",1530,286,18.69,34.0465789,-118.3398672,low,Wednesday,16,17
"LONGBOW DR, Los Angeles",10857,15,0.14,34.132256,-118.4685982,low,Thursday,21,16
"LONGWOOD AV, Los Angeles",23509,5,0.02,34.1143856,-117.7089156,low,Monday,1,5
"LORENA ST, Los Angeles",10354,55,0.53,34.0332014,-118.1974215,low,Thursday,17,12
"LORRAINE BL, Los Angeles",2647,283,10.69,34.0624778,-118.3199803,low,Friday,19,6
"LOS ANGELES ST, Los Angeles",71727,20,0.03,34.0305323,-118.2635514,low,Wednesday,1,21
"LOS FELIZ BL, Los Angeles",348563,734,0.21,34.1081339,-118.2901796,low,Saturday,7,15
"LOUISE AV, Los Angeles",26042,454,1.74,34.27819,-118.5108878,low,Monday,2,14
"LOWELL AV, Los Angeles",17228,380,2.21,34.0917522,-118.1615626,low,Friday,14,0
"LOWRY RD, Los Angeles",278,28,10.07,34.1121133,-118.2793259,low,Friday,11,15
"LUCAS AV, Los Angeles",12521,6,0.05,34.0522461,-118.2653499,low,Saturday,21,21
"LUCERNE BL, Los Angeles",20957,88,0.42,34.0611446,-118.3249703,low,Sunday,2,6
"LUCILE AV, Los Angeles",4516,57,1.26,34.0959004,-118.2740981,low,Tuesday,17,15
"M ST, Los Angeles",26526,30,0.11,34.4599519,-118.5220504,low,Wednesday,21,22
"MACLAY ST, Los Angeles",4077,50,1.23,34.2977439,-118.4215284,low,Wednesday,13,3
"MACON ST, Los Angeles",726,160,22.04,34.1011381,-118.2342653,low,Saturday,12,15
"MADELIA AV, Los Angeles",230,5,2.17,34.1442761,-118.4538149,low,Wednesday,1,16
"MADISON AV, Los Angeles",2554,2,0.08,34.01904,-118.3966266,low,Saturday,15,7
"MAHAR AV, Los Angeles",24690,1561,6.32,33.7909884,-118.2468437,low,Friday,8,4
"MAIN ST, Los Angeles",1028409,13,0.0,33.9492041,-118.273881,low,Friday,15,10
"MALGREN AV, Los Angeles",1194,3817,319.68,33.7348898,-118.3147971,high,Saturday,13,4
"MANCHESTER AV, Los Angeles",859221,2,0.0,33.9556035,-118.4443206,low,Thursday,12,2
"MANNING AV, Los Angeles",226244,2723,1.2,34.0317992,-118.407196,low,Friday,15,7
"MANSFIELD AV, Los Angeles",30137,88,0.29,34.1002254,-118.2881865,low,Monday,23,15
"MAPLE AV, Los Angeles",18200,133,0.73,34.0318419,-118.2594194,low,Thursday,17,21
"MAPLEWOOD AV, Los Angeles",4504,352,7.82,33.9988279,-118.4444138,low,Tuesday,12,19
"MARATHON ST, Los Angeles",8946,69,0.77,34.0848993,-118.3113788,low,Tuesday,17,6
"MARENGO AV, Los Angeles",197564,100,0.05,34.1422777,-118.1459207,low,Monday,14,0
"MARENGO ST, Los Angeles",105223,3,0.0,34.0593752,-118.2132439,low,Tuesday,7,12
"MARIANO ST, Los Angeles",3121,240,7.69,34.1683049,-118.6190591,low,Monday,11,1
"MARIGOLD AV, Los Angeles",651,17,2.61,33.7942424,-118.2959402,low,Friday,16,4
"MARINA EXPRESSWAY, Los Angeles",31577,13,0.04,33.9840735,-118.4406505,low,Tuesday,9,19
"MARINE AV, Los Angeles",1004,1,0.1,33.8219409,-118.2646183,low,Saturday,18,4
"MARIONDALE AV, Los Angeles",2538,58,2.29,34.0726236,-118.1652253,low,Sunday,18,12
"MARIPOSA AV, Los Angeles",512,7,1.37,33.8189807,-118.2972629,low,Saturday,16,4
"MARLTON AV, Los Angeles",48693,344,0.71,34.0123579,-118.3377849,low,Friday,18,17
"MARMION WAY, Los Angeles",7384,89,1.21,34.1104738,-118.1790582,low,Saturday,14,0
"MARMION WY, Los Angeles",34103,2,0.01,34.1104738,-118.1790582,low,Sunday,18,0
"MARR ST, Los Angeles",1583,87,5.5,33.9876479,-118.4562202,low,Saturday,18,19
"MARTEL AV, Los Angeles",2273,5,0.22,34.0987779,-118.3500433,low,Sunday,9,6
"MARTIN LUTHER KING BL, Los Angeles",550126,173,0.03,34.05223,-118.24368,low,Friday,18,21
"MARTIN LUTHER KING JR BL, Los Angeles",77610,207,0.27,34.05223,-118.24368,low,Tuesday,8,21
"MARTINEZ ST, Los Angeles",68,1950,2867.65,34.1629677,-118.5884927,high,Friday,10,1
"MASON AV, Los Angeles",30926,3,0.01,34.2757701,-118.5785997,low,Thursday,9,14
"MASSELIN AV, Los Angeles",3557,834,23.45,34.0598,-118.3537336,low,Saturday,7,6
"MASSELIN ST, Los Angeles",2535,30,1.18,34.0598,-118.3537336,low,Tuesday,14,6
"MATEO ST, Los Angeles",38847,1,0.0,34.0418898,-118.2327744,low,Tuesday,14,21
"MAURETANIA ST, Los Angeles",556,141,25.36,33.7903834,-118.2426466,low,Sunday,16,4
"MCKINLEY AV, Los Angeles",37808,13,0.03,33.9528869,-118.2607918,low,Friday,14,10
"MECCA AV, Los Angeles",10816,335,3.1,34.1667567,-118.5374088,low,Tuesday,8,16
"MELROSE AV, Los Angeles",129613,28,0.02,34.0834711,-118.3354943,low,Friday,18,6
"MENLO AV, Los Angeles",1168,2075,177.65,33.921132,-118.2888103,high,Thursday,12,10
"MERDIAN ST, Los Angeles",1823,247,13.55,34.05223,-118.24368,low,Sunday,1,21
"MERIDIAN ST, Los Angeles",9233,1,0.01,34.1202213,-118.1754136,low,Wednesday,17,0
"MESA ST, Los Angeles",41514,58,0.14,33.8028327,-118.3579405,low,Thursday,13,4
"MESQUIT ST, Los Angeles",37815,63,0.17,34.0364464,-118.2292144,low,Sunday,8,12
"MEYLER ST, Los Angeles",37351,1,0.0,33.8235165,-118.2947243,low,Tuesday,17,4
"MICHELTORENA ST, Los Angeles",359,45,12.53,34.0762035,-118.2830222,low,Friday,16,15
"MILBANK ST, Los Angeles",28685,22,0.08,34.1531615,-118.4030462,low,Monday,14,9
"MILITARY AV, Los Angeles",4675,41,0.88,34.0319212,-118.4280863,low,Friday,7,7
"MILLER DR, Los Angeles",40877,43,0.11,34.0959937,-118.3774072,low,Tuesday,17,6
"MILWAUKEE AV, Los Angeles",2448,3,0.12,34.1201085,-118.191862,low,Friday,11,0
"MINNEAPOLIS ST, Los Angeles",2291,7,0.31,34.1135807,-118.2520118,low,Friday,15,15
"MIRAMAR ST, Los Angeles",654,4,0.61,34.0599125,-118.2622106,low,Saturday,17,21
"MIRANDA ST, Los Angeles",192,46,23.96,34.1747062,-118.6231704,low,Friday,3,1
"MISSION RD, Los Angeles",168205,21,0.01,34.0615219,-118.2131173,low,Friday,15,12
"MISSISSIPPI AV, Los Angeles",4381,556,12.69,34.0451996,-118.4330541,low,Thursday,18,7
"MISSOURI AV, Los Angeles",8916,46,0.52,34.0368485,-118.4544054,low,Friday,15,19
"MOHAWK ST, Los Angeles",35908,82,0.23,34.0844888,-118.2622048,low,Saturday,21,15
"MONON ST, Los Angeles",37036,22,0.06,34.1093446,-118.2735372,low,Tuesday,21,15
"MONROE ST, Los Angeles",867,16,1.85,34.0857685,-118.3135532,low,Friday,15,6
"MONTAGUE ST, Los Angeles",1135,46,4.05,34.2328694,-118.4314901,low,Sunday,18,3
"MONTANA ST, Los Angeles",5899,69,1.17,34.0780408,-118.2571766,low,Friday,1,21
"MONTE VISTA AV, Los Angeles",3842,38,0.99,34.168506,-118.267808,low,Saturday,4,15
"MONTE VISTA ST, Los Angeles",15817,8,0.05,34.1127797,-118.1923939,low,Friday,15,0
"MONTEREY RD, Los Angeles",88732,42,0.05,34.0876239,-118.187498,low,Saturday,8,0
"MOORPARK ST, Los Angeles",72198,155,0.21,34.1516572,-118.4470454,low,Wednesday,11,16
"MORAY AV, Los Angeles",4886,731,14.96,33.7249824,-118.3135446,low,Wednesday,14,4
"MORGAN AV, Los Angeles",9310,6,0.06,34.0043705,-118.2451169,low,Tuesday,23,21
"MORRISON ST, Los Angeles",39796,27,0.07,34.1603657,-118.4671376,low,Monday,7,16
"MOSHER AV, Los Angeles",567,50,8.82,34.0945257,-118.2048278,low,Sunday,7,0
"MOTOR AV, Los Angeles",88643,2,0.0,34.045044,-118.4065761,low,Saturday,8,7
"MOZART ST, Los Angeles",1569,183,11.66,34.067724,-118.2214716,low,Thursday,12,12
"MULHOLLAND DR, Los Angeles",78468,10,0.01,34.1314847,-118.4397866,low,Thursday,8,16
"MULLEN AV, Los Angeles",1454,613,42.16,34.0487787,-118.3357347,medium,Saturday,19,17
"MYERS ST, Los Angeles",757,20,2.64,34.0346901,-118.2252215,low,Sunday,20,12
"MYRA AV, Los Angeles",687,33,4.8,34.0910361,-118.2845284,low,Thursday,14,15
"N BROADWAY, Los Angeles",193184,37,0.02,34.0737243,-118.2097053,low,Wednesday,13,12
"N FIGUEROA ST, Los Angeles",64014,289,0.45,34.0595165,-118.2491895,low,Saturday,6,21
"N MAIN ST, Los Angeles",34378,196,0.57,34.0574514,-118.2386129,low,Thursday,7,21
"N SPRING ST, Los Angeles",146543,150,0.1,34.0700601,-118.2259445,low,Thursday,15,12
"NAOMI AV, Los Angeles",3160,41,1.3,34.0244122,-118.2469533,low,Friday,7,21
"NAPA ST, Los Angeles",1332,112,8.41,34.2264751,-118.4698491,low,Monday,14,16
"NASH DR, Los Angeles",30510,68,0.22,34.1063989,-118.3770299,low,Friday,16,6
"NEW HAMPSHIRE AV, Los Angeles",20111,829,4.12,34.0967508,-118.2928933,low,Saturday,16,15
"NICADA DR, Los Angeles",7256,314,4.33,34.1268162,-118.4471012,low,Saturday,10,16
"NOBLE AV, Los Angeles",185,5,2.7,34.2214517,-118.4618436,low,Sunday,16,16
"NOLDEN ST, Los Angeles",649,248,38.21,34.1303667,-118.1941987,medium,Saturday,18,0
"NORDHOFF ST, Los Angeles",138486,12,0.01,34.2353024,-118.4358634,low,Sunday,16,3
"NORDHOFF WY, Los Angeles",22265,2839,12.75,34.2354131,-118.5555325,low,Friday,16,14
"NORELLE ST, Los Angeles",284,41,14.44,34.0719253,-118.1830502,low,Friday,16,12
"NORMANDIE AV, Los Angeles",1063459,4,0.0,34.0473608,-118.2999948,low,Sunday,18,17
"NORRIS AV, Los Angeles",26142,3912,14.96,34.3180107,-118.4759143,low,Tuesday,8,3
"NORTON AV, Los Angeles",27584,97,0.35,34.1627578,-118.2769386,low,Saturday,19,15
"OAK GROVE DR, Los Angeles",1816,15,0.83,34.1326442,-118.1917018,low,Wednesday,8,0
"OAKWOOD AV, Los Angeles",3215,10,0.31,34.0776581,-118.3004374,low,Tuesday,14,6
"OCEAN AV, Los Angeles",36402,248,0.68,33.9874218,-118.4655552,low,Thursday,18,19
"OGDEN DR, Los Angeles",96897,41,0.04,34.0657094,-118.3592617,low,Friday,2,6
"OLIVE ST, Los Angeles",48853,63,0.13,33.9872024,-118.4555333,low,Monday,18,19
"OLMSTED AV, Los Angeles",1236,465,37.62,34.0145904,-118.3280796,medium,Wednesday,19,17
"OLYMPIC BL, Los Angeles",1677805,4,0.0,34.0139923,-118.2880286,low,Saturday,20,17
"OPP ST, Los Angeles",18868,4842,25.66,33.7825212,-118.2695516,low,Monday,20,4
"ORANGE DR, Los Angeles",14668,95,0.65,33.7962236,-118.1764907,low,Thursday,12,11
"ORANGE GROVE AV, Los Angeles",754,243,32.23,34.2991556,-118.4328526,low,Tuesday,20,3
"ORCHARD AV, Los Angeles",8124,84,1.03,33.95795,-118.2881648,low,Wednesday,17,10
"ORCHARD ST, Los Angeles",851,102,11.99,34.0752053,-118.0277237,low,Friday,19,18
"ORION AV, Los Angeles",3766,4,0.11,34.2717368,-118.4715969,low,Saturday,23,3
"ORO VISTA AV, Los Angeles",4630,233,5.03,34.2572682,-118.3157779,low,Monday,12,23
"OSBORNE PL, Los Angeles",3116,50,1.6,34.2603535,-118.4010392,low,Friday,17,3
"OSBORNE ST, Los Angeles",220471,34,0.02,34.2557983,-118.4073167,low,Friday,21,3
"OTSEGO ST, Los Angeles",1205,1009,83.73,34.1626309,-118.4910735,high,Saturday,18,16
"OUTPOST DR, Los Angeles",21190,73,0.34,34.1042183,-118.3439063,low,Friday,15,6
"OVERLAND AV, Los Angeles",158312,33,0.02,34.0414761,-118.4245196,low,Tuesday,18,7
"OXFORD AV, Los Angeles",27213,522,1.92,33.9869031,-118.4559264,low,Friday,16,19
"OXNARD ST, Los Angeles",490143,388,0.08,34.179198,-118.603365,low,Friday,17,1
"PACIFIC AV, Los Angeles",405733,1871,0.46,33.7723341,-118.1937561,low,Sunday,21,11
"PACIFIC COAST HWY, Los Angeles",420312,1029,0.24,33.7894805,-118.1893842,low,Monday,19,11
"PACKARD ST, Los Angeles",12738,7,0.05,34.0500187,-118.3484696,low,Thursday,11,17
"PALA AV, Los Angeles",21588,48,0.22,34.2685782,-118.4197212,low,Monday,19,3
"PALISADES DR, Los Angeles",85042,35,0.04,34.0713728,-118.5625864,low,Wednesday,15,19
"PALMETTO ST, Los Angeles",9354,78,0.83,34.0402064,-118.2323486,low,Monday,18,21
"PALMS AV, Los Angeles",4915,23,0.47,34.0501046,-118.4107398,low,Friday,2,7
"PALMS BL, Los Angeles",45129,28,0.06,34.0247328,-118.4116152,low,Thursday,9,7
"PALOS VERDES DR, Los Angeles",48697,366,0.75,33.7347379,-118.3534687,low,Sunday,16,4
"PALOS VERDES ST, Los Angeles",72282,40,0.06,34.05223,-118.24368,low,Sunday,13,21
"PARALTA AV, Los Angeles",867,45,5.19,34.1664914,-118.5908522,low,Thursday,8,1
"PARK GROVE AV, Los Angeles",39584,11,0.03,34.0339904,-118.2776768,low,Tuesday,1,21
"PARK WESTERN DR, Los Angeles",34621,6,0.02,33.7550627,-118.3038579,low,Saturday,22,4
"PARKMAN AV, Los Angeles",355,29,8.17,34.0825625,-118.2736265,low,Saturday,18,15
"PARTHENIA ST, Los Angeles",651529,16,0.0,34.2282755,-118.4548744,low,Thursday,16,3
"PASADENA AV, Los Angeles",47029,2073,4.41,34.0748979,-118.2196164,low,Friday,12,12
"PASEO DEL MAR, Los Angeles",2029,227,11.19,33.7962097,-118.4045414,low,Friday,7,4
"PATTON AV, Los Angeles",45134,64,0.14,34.0597342,-118.4634248,low,Saturday,18,19
"PATTON ST, Los Angeles",42432,24,0.06,34.0656157,-118.2589899,low,Friday,13,21
"PAXTON ST, Los Angeles",5433,8,0.15,34.2776908,-118.4206744,low,Tuesday,18,3
"PENFIELD AV, Los Angeles",2566,572,22.29,34.1795421,-118.5688489,low,Friday,17,1
"PERSHING DR, Los Angeles",120828,41,0.03,33.9538503,-118.4406939,low,Thursday,17,2
"PICKFORD ST, Los Angeles",8213,117,1.42,34.0332202,-118.4339734,low,Sunday,1,7
"PIER A WY, Los Angeles",1246,5308,426.0,33.7765786,-118.2405833,high,Friday,2,4
"PIONEER AV, Los Angeles",1794,3,0.17,33.7908619,-118.249362,low,Monday,18,4
"PLATT AV, Los Angeles",34570,19,0.05,34.1917111,-118.6425667,low,Saturday,19,1
"PLAZA DEL SOL, Los Angeles",1610,227,14.1,34.0488359,-118.2269984,low,Friday,15,12
"PLUMMER ST, Los Angeles",70910,1,0.0,34.2429979,-118.4993893,low,Friday,17,14
"POLK ST, Los Angeles",104360,919,0.88,34.3129122,-118.4437557,low,Friday,2,3
"PONCE AV, Los Angeles",1450,369,25.45,34.2245592,-118.6214374,low,Tuesday,19,1
"PORTER ST, Los Angeles",24374,14,0.06,34.0266368,-118.2299236,low,Saturday,18,12
"PORTLAND ST, Los Angeles",1997,23,1.15,34.0317333,-118.2823485,low,Friday,15,21
"PRAIRIE ST, Los Angeles",92449,18,0.02,34.239211,-118.5709129,low,Wednesday,15,14
"PRESIDENT AV, Los Angeles",2433,118,4.85,33.8027476,-118.3033508,low,Thursday,9,4
"PRESIDENT ST, Los Angeles",596,43,7.21,34.0974574,-117.7152744,low,Friday,13,5
"PROCTOR ST, Los Angeles",134,4,2.99,33.7950747,-118.256595,low,Saturday,9,4
"Q ST, Los Angeles",2615,3,0.11,34.0471462,-118.2559621,low,Sunday,16,21
"QUAKERTOWN AV, Los Angeles",1133,36,3.18,34.2439316,-118.5704979,low,Saturday,9,14
"QUAY AV, Los Angeles",1618,22,1.36,33.7750395,-118.2581278,low,Sunday,17,4
"R ST, Los Angeles",4272,15,0.35,34.1972182,-118.4893829,low,Thursday,16,16
"RADFORD AV, Los Angeles",25020,20,0.08,34.1789338,-118.3921977,low,Friday,17,9
"RANCHITO AV, Los Angeles",766,122,15.93,34.1627105,-118.4356142,low,Friday,17,16
"RANGE VIEW AV, Los Angeles",858,151,17.6,34.1228326,-118.1953995,low,Friday,13,0
"RAYEN ST, Los Angeles",114895,8,0.01,34.2320217,-118.4849537,low,Friday,13,14
"RAYMOND AV, Los Angeles",27740,246,0.89,33.9618435,-118.2976142,low,Tuesday,12,10
"RAYNETA DR, Los Angeles",1878,134,7.14,34.1447705,-118.4624153,low,Tuesday,8,16
"READING AV, Los Angeles",32810,6,0.02,33.9572902,-118.3815988,low,Monday,14,2
"REDESDALE AV, Los Angeles",48830,14,0.03,34.0887907,-118.2708647,low,Wednesday,18,15
"REDONDO BEACH BL, Los Angeles",75544,5,0.01,33.8455911,-118.3886766,low,Friday,15,2
"REDONDO BL, Los Angeles",78365,157,0.2,33.8568355,-118.3836816,low,Thursday,9,2
"RENNIE AV, Los Angeles",520,236,45.38,33.99868,-118.4739072,medium,Tuesday,16,19
"RESEDA BL, Los Angeles",776236,5,0.0,34.2006552,-118.536528,low,Monday,4,14
"REVERE AV, Los Angeles",15917,3177,19.96,34.1223274,-118.260751,low,Friday,13,15
"REVERE ST, Los Angeles",2711,33,1.22,34.1223274,-118.260751,low,Friday,9,15
"RHODES AV, Los Angeles",223,1,0.45,34.2166214,-118.4030849,low,Thursday,7,9
"RIDGELEY DR, Los Angeles",614,50,8.14,34.0503484,-118.3550819,low,Friday,1,17
"RIMPAU BL, Los Angeles",108840,79,0.07,34.0572426,-118.3336169,low,Wednesday,18,6
"RINALDI ST, Los Angeles",75952,182,0.24,34.2796123,-118.4549206,low,Wednesday,8,3
"RIPPLE ST, Los Angeles",4969,1157,23.28,34.1014423,-118.2477884,low,Tuesday,6,15
"RIVERDALE AV, Los Angeles",1201,35,2.91,34.0903978,-118.2354619,low,Monday,12,15
"RIVERSIDE DR, Los Angeles",309941,4,0.0,34.1522531,-118.3676715,low,Monday,1,9
"ROBERTSON BL, Los Angeles",83826,1724,2.06,34.0483437,-118.3859111,low,Sunday,1,7
"RODEO PL, Los Angeles",10859,703,6.47,34.0198866,-118.335569,low,Friday,17,17
"RODEO RD, Los Angeles",13487,9,0.07,34.0215424,-118.3600122,low,Saturday,16,17
"ROKEBY ST, Los Angeles",920,575,62.5,34.1051404,-118.2654279,medium,Monday,8,15
"RONAN AV, Los Angeles",727,1,0.14,33.7808566,-118.2723825,low,Friday,7,4
"RONDOUT ST, Los Angeles",48283,26,0.05,34.065407,-118.2338343,low,Saturday,19,21
"ROSCOE BL, Los Angeles",791641,1,0.0,34.2195479,-118.5972991,low,Saturday,1,1
"ROSCOMARE RD, Los Angeles",253573,5206,2.05,34.1100653,-118.463564,low,Saturday,11,16
"ROSE AV, Los Angeles",35151,61,0.17,34.0042309,-118.4624137,low,Sunday,20,19
"ROSE ST, Los Angeles",63846,295,0.46,34.0461289,-118.2370826,low,Monday,7,21
"ROSELAND ST, Los Angeles",1946,8,0.41,34.0272055,-118.353688,low,Friday,1,17
"ROSEWOOD AV, Los Angeles",23724,26,0.11,34.0790596,-118.2920429,low,Friday,17,15
"ROSSMORE AV, Los Angeles",230609,193,0.08,34.0702864,-118.3273412,low,Friday,17,6
"ROWENA AV, Los Angeles",161318,249,0.15,34.1073079,-118.2637206,low,Friday,18,15
"ROXBURY DR, Los Angeles",31323,107,0.34,34.1624836,-118.1084496,low,Tuesday,7,0
"ROY ST, Los Angeles",623,18,2.89,34.1224458,-118.187505,low,Monday,14,0
"RUBY ST, Los Angeles",528,16,3.03,33.8337908,-118.3701729,low,Tuesday,3,4
"RUNYON CANYON RD, Los Angeles",202,4,1.98,34.1053039,-118.35091,low,Friday,14,6
"RUSSELL AV, Los Angeles",5126,1,0.02,34.1045217,-118.2865242,low,Friday,15,15
"RUTHELEN ST, Los Angeles",2549,29,1.14,33.9580024,-118.3128244,low,Saturday,14,10
"SAMOA AV, Los Angeles",808,49,6.06,34.2638294,-118.2864254,low,Friday,13,23
"SAN FELICIANO DR, Los Angeles",33205,23,0.07,34.1572254,-118.6091345,low,Wednesday,18,1
"SAN FERNANDO MISSION BL, Los Angeles",549064,16,0.0,34.2725539,-118.4667763,low,Thursday,9,3
"SAN PABLO ST, Los Angeles",1828,315,17.23,34.0622576,-118.2031988,low,Thursday,7,12
"SAN PEDRO ST, Los Angeles",382724,20,0.01,34.0270236,-118.2559563,low,Friday,17,21
"SAN RAFAEL AV, Los Angeles",227804,1809,0.79,34.1064188,-118.2141964,low,Monday,16,0
"SAN VICENTE BL, Los Angeles",86256,28,0.03,34.0263407,-118.5136056,low,Thursday,18,19
"SANDISON ST, Los Angeles",4821,1048,21.74,33.7924529,-118.2802357,low,Friday,15,4
"SANFORD AV, Los Angeles",27815,18,0.06,33.7923624,-118.2511034,low,Tuesday,1,4
"SANTA FE AV, Los Angeles",138848,60,0.04,34.0236877,-118.2300429,low,Wednesday,19,12
"SANTA MONICA BL, Los Angeles",488353,340,0.07,34.0194704,-118.4912273,low,Thursday,7,19
"SANTA ROSALIA DR, Los Angeles",5593,3255,58.2,34.0152405,-118.3472636,medium,Tuesday,3,17
"SANTA YNEZ ST, Los Angeles",2360,154,6.53,34.0745237,-118.2626293,low,Saturday,2,21
"SARATOGA ST, Los Angeles",20230,10,0.05,34.0331063,-117.7707614,low,Tuesday,20,5
"SATICOY ST, Los Angeles",479959,6,0.0,34.2083292,-118.5831872,low,Saturday,18,1
"SATURN ST, Los Angeles",8444,2962,35.08,34.0482075,-118.3603379,medium,Friday,9,17
"SAUGUS AV, Los Angeles",8674,60,0.69,34.1464664,-118.4661428,low,Tuesday,1,16
"SAWTELLE BL, Los Angeles",309525,27,0.01,34.0361107,-118.4503563,low,Monday,12,19
"SAWYER ST, Los Angeles",39836,569,1.43,34.0461598,-118.3992815,low,Friday,17,7
"SAYRE ST, Los Angeles",19112,48,0.25,34.3120545,-118.4316677,low,Monday,1,3
"SCADLOCK LN, Los Angeles",3030,150,4.95,34.1358869,-118.4701911,low,Friday,17,16
"SCHOOLCRAFT ST, Los Angeles",1255,4,0.32,34.1966649,-118.5524269,low,Friday,16,1
"SCOTT AV, Los Angeles",7501,20,0.27,34.0762757,-118.246781,low,Friday,19,21
"SEDAN AV, Los Angeles",759,41,5.4,34.2171448,-118.6301839,low,Sunday,9,1
"SELMA AV, Los Angeles",6652,3,0.05,34.0996942,-118.320794,low,Wednesday,14,6
"SEPULVEDA BL, Los Angeles",2335685,184,0.01,34.1807806,-118.46888,low,Monday,9,16
"SEQUOIA ST, Los Angeles",210,6455,3073.81,34.1361411,-118.2696072,high,Sunday,11,15
"SERRANO AV, Los Angeles",5181,5,0.1,34.1029649,-118.3072322,low,Thursday,8,6
"SESNON BL, Los Angeles",84935,294,0.35,34.2948821,-118.5676049,low,Thursday,7,14
"SEWARD ST, Los Angeles",7270,58,0.8,34.0866638,-118.3331578,low,Wednesday,8,6
"SHELDON ST, Los Angeles",74455,28,0.04,34.2468991,-118.3832957,low,Sunday,12,3
"SHERBOURNE DR, Los Angeles",1765,425,24.08,34.0919835,-118.3821024,low,Sunday,3,6
"SHERMAN WAY, Los Angeles",400859,87,0.02,34.2006897,-118.5972,low,Sunday,12,1
"SHERMAN WY, Los Angeles",10098,20,0.2,34.2006897,-118.5972,low,Friday,11,1
"SHOREDALE AV, Los Angeles",679,6785,999.26,34.0905308,-118.2325764,high,Monday,10,15
"SHORT ST, Los Angeles",33662,2,0.01,34.0263324,-118.2202593,low,Saturday,17,12
"SHOUP AV, Los Angeles",115914,3,0.0,34.1690916,-118.6145776,low,Tuesday,13,1
"SICHEL ST, Los Angeles",15140,417,2.75,34.0675613,-118.2129366,low,Saturday,19,12
"SIERRA BONITA AV, Los Angeles",2930,30,1.02,34.0494806,-118.0883802,low,Friday,12,12
"SIERRA VILLA DR, Los Angeles",20978,48,0.23,34.1395469,-118.2228041,low,Wednesday,18,0
"SILVER LAKE BL, Los Angeles",1925,12,0.62,34.0896518,-118.2693735,low,Saturday,18,15
"SILVERLAKE BL, Los Angeles",72459,312,0.43,34.092941,-118.2697155,low,Friday,10,15
"SIMONDS ST, Los Angeles",13474,14,0.1,34.2763992,-118.521921,low,Friday,3,14
"SLAUSON AV, Los Angeles",274908,10,0.0,33.9972565,-118.4124617,low,Saturday,18,7
"SOLANO AV, Los Angeles",21620,2404,11.12,34.0727003,-118.2308578,low,Friday,13,21
"SOMERSET DR, Los Angeles",517,43,8.32,34.0103225,-118.342613,low,Saturday,8,17
"SORRENTO LN, Los Angeles",1801,35,1.94,34.2795963,-118.5870617,low,Thursday,15,14
"SOTO ST, Los Angeles",152225,8,0.01,34.0543894,-118.2028954,low,Saturday,9,12
"SPAULDING AV, Los Angeles",3777,1194,31.61,34.0414001,-118.3659255,low,Monday,12,7
"SPENCE ST, Los Angeles",973,96,9.87,34.0267,-118.1985284,low,Sunday,2,12
"SPRING ST, Los Angeles",89358,36,0.04,33.8097998,-118.106344,low,Saturday,17,11
"ST ANDREWS PL, Los Angeles",32643,444,1.36,33.9319856,-118.3112937,low,Thursday,14,10
"ST CHARLES PL, Los Angeles",995,187,18.79,34.0454422,-118.3395987,low,Friday,17,17
"ST ELMO DR, Los Angeles",495,6,1.21,34.0424102,-118.3392306,low,Thursday,14,17
"ST GEORGE ST, Los Angeles",17676,4,0.02,34.1081692,-118.275808,low,Friday,17,15
"ST LOUIS ST, Los Angeles",23664,3,0.01,34.040714,-118.2163797,low,Tuesday,17,12
"STADIUM WAY, Los Angeles",61895,6,0.01,34.0938757,-118.2433101,low,Sunday,14,15
"STAGG ST, Los Angeles",15391,7,0.05,34.2125846,-118.4368206,low,Friday,16,16
"STANFORD AV, Los Angeles",1289,208,16.14,34.0325127,-118.249613,low,Sunday,17,21
"STOCKER ST, Los Angeles",20295,263,1.3,34.0080105,-118.3362745,low,Saturday,9,17
"STRATHERN ST, Los Angeles",461573,176,0.04,34.2155981,-118.5754051,low,Monday,14,1
"SUCCESS AV, Los Angeles",1039,577,55.53,33.9474921,-118.2490981,medium,Tuesday,23,10
"SUMMERLAND AV, Los Angeles",10257,50,0.49,33.7470696,-118.3022449,low,Tuesday,14,4
"SUNSET BL, Los Angeles",2095607,54,0.0,34.2166284,-117.6893681,low,Saturday,18,5
"SUNSWEPT DR, Los Angeles",32621,1882,5.77,34.1408443,-118.4076061,low,Tuesday,12,9
"SUPERIOR ST, Los Angeles",550,6,1.09,34.2467609,-118.5217862,low,Friday,22,14
"SWINFORD ST, Los Angeles",30700,65,0.21,33.7487484,-118.2800489,low,Friday,23,4
"SYCAMORE AV, Los Angeles",13862,4,0.03,34.3272413,-118.447832,low,Wednesday,19,3
"SYLVAN ST, Los Angeles",36926,265,0.72,34.1846675,-118.4476611,low,Monday,15,16
"TALMADGE ST, Los Angeles",89522,191,0.21,34.1008966,-118.2830553,low,Thursday,12,15
"TAMPA AV, Los Angeles",443439,34,0.01,34.1944821,-118.5535183,low,Friday,21,1
"TAPER AV, Los Angeles",38711,2268,5.86,34.0578029,-118.2477765,low,Friday,15,21
"TELFAIR AV, Los Angeles",61490,6,0.01,34.2758285,-118.4385306,low,Friday,9,3
"TEMESCAL CANYON RD, Los Angeles",12362,225,1.82,34.0476525,-118.5295882,low,Wednesday,18,19
"TEMPLE ST, Los Angeles",386286,11,0.0,34.0602437,-118.2489547,low,Saturday,16,21
"TEVIOT ST, Los Angeles",604,970,160.6,34.0978775,-118.2580184,high,Thursday,1,15
"THATCHER AV, Los Angeles",724,5,0.69,33.9866706,-118.4484297,low,Saturday,16,19
"THORNBURN ST, Los Angeles",129367,7,0.01,33.9705297,-118.3729626,low,Sunday,20,2
"THURMAN AV, Los Angeles",4791,16,0.33,34.0280273,-118.3692385,low,Tuesday,17,7
"TILDEN AV, Los Angeles",38258,32,0.08,34.2281413,-118.4484378,low,Thursday,17,3
"TITIAN AV, Los Angeles",36145,53,0.15,34.3058117,-118.5065414,low,Wednesday,18,14
"TITUS ST, Los Angeles",38565,1,0.0,34.2197866,-118.4583812,low,Saturday,17,16
"TOPANGA CANYON BL, Los Angeles",396045,29,0.01,34.1907476,-118.603185,low,Thursday,11,1
"TOWNE AV, Los Angeles",1182,2762,233.67,33.9953712,-118.2674053,high,Friday,18,10
"TOWNSEND AV, Los Angeles",115363,171,0.15,34.1335152,-118.2015307,low,Saturday,16,0
"TRINITY ST, Los Angeles",6304,39,0.62,34.0241725,-118.2623437,low,Saturday,5,21
"TUJUNGA AV, Los Angeles",68699,72,0.1,34.1567202,-118.3793992,low,Saturday,16,9
"TUJUNGA CANYON BL, Los Angeles",66464,777,1.17,34.2891533,-118.0473329,low,Friday,9,18
"TULSA ST, Los Angeles",25171,227,0.9,34.2684172,-118.5003207,low,Monday,17,14
"TUNNEY AV, Los Angeles",24516,41,0.17,34.2464227,-118.5571334,low,Wednesday,8,14
"TUPPER ST, Los Angeles",28870,14,0.05,34.2393777,-118.4999421,low,Saturday,7,14
"TUSCANY AV, Los Angeles",1140,80,7.02,33.95843,-118.4393877,low,Friday,17,2
"TUXFORD ST, Los Angeles",39936,7,0.02,34.2273407,-118.3811142,low,Saturday,18,9
"TYBURN ST, Los Angeles",733,179,24.42,34.1134443,-118.2608748,low,Saturday,12,15
"UNION AV, Los Angeles",196250,13,0.01,34.0614129,-117.7832018,low,Saturday,17,5
"UNION ST, Los Angeles",41991,465,1.11,33.9127277,-118.0755937,low,Thursday,15,20
"VALENCIA ST, Los Angeles",83890,30,0.04,34.0526857,-118.2696435,low,Saturday,17,21
"VALERIO ST, Los Angeles",41670,52,0.12,34.2048276,-118.4673027,low,Friday,12,16
"VALLEY BL, Los Angeles",86350,544,0.63,34.0233498,-118.2246081,low,Sunday,8,12
"VALLEY CIRCLE BL, Los Angeles",497788,436,0.09,34.117802,-117.9968243,low,Monday,12,18
"VALLEY VISTA BL, Los Angeles",59801,410,0.69,34.05223,-118.24368,low,Friday,11,21
"VALPARAISO ST, Los Angeles",10164,118,1.16,34.0296456,-118.4151027,low,Friday,16,7
"VAN NESS AV, Los Angeles",515974,6,0.0,34.0985096,-118.3157854,low,Sunday,16,6
"VAN NOORD AV, Los Angeles",1142,787,68.91,34.1847912,-118.4171829,high,Saturday,15,9
"VAN NUYS BL, Los Angeles",2309773,32,0.0,34.1866193,-118.4486675,low,Saturday,12,16
"VAN PELT PL, Los Angeles",30674,4858,15.84,34.0920409,-118.2664753,low,Friday,7,15
"VANALDEN AV, Los Angeles",27977,5,0.02,34.1724468,-118.5500897,low,Tuesday,20,1
"VANOWEN ST, Los Angeles",775756,248,0.03,34.1939644,-118.363707,low,Tuesday,21,9
"VARIEL AV, Los Angeles",4493,4908,109.24,34.1838441,-118.5928004,high,Friday,1,1
"VARNA AV, Los Angeles",851,212,24.91,34.2182337,-118.4247181,low,Thursday,4,3
"VENICE BL, Los Angeles",972329,77,0.01,34.038403,-118.5408825,low,Sunday,18,19
"VENTURA BL, Los Angeles",1555578,3864,0.25,34.2791106,-118.8897813,low,Tuesday,12,1
"VENTURA CANYON BL, Los Angeles",1034,6835,661.03,34.05223,-118.24368,high,Saturday,14,21
"VENTURA FWY, Los Angeles",132334,17,0.01,34.1544307,-118.380997,low,Tuesday,17,9
"VERDUGO RD, Los Angeles",134249,2,0.0,34.1203964,-118.2290532,low,Monday,2,0
"VERDUN AV, Los Angeles",74767,131,0.18,33.9945515,-118.3498295,low,Friday,15,17
"VERMONT AV, Los Angeles",1441514,11,0.0,33.9877936,-118.2914821,low,Sunday,15,10
"VERMONT CANYON RD, Los Angeles",43808,6210,14.18,34.1236202,-118.3018153,low,Saturday,23,15
"VERNON AV, Los Angeles",445150,32,0.01,33.997103,-118.4694589,low,Sunday,14,19
"VESELICH AV, Los Angeles",2620,2005,76.53,34.1264379,-118.2679406,high,Monday,14,15
"VESPER AV, Los Angeles",1607,4,0.25,34.2458267,-118.4499636,low,Monday,18,3
"VICTORY BL, Los Angeles",1864855,191,0.01,34.0737873,-118.2495609,low,Sunday,1,21
"VINE ST, Los Angeles",86216,5920,6.87,34.1015022,-118.3266955,low,Friday,7,6
"VINEBURN AV, Los Angeles",547,553,101.1,34.0656868,-118.1900422,high,Friday,15,12
"VINELAND AV, Los Angeles",124216,6,0.0,34.1434724,-118.3703764,low,Friday,2,9
"VINEYARD AV, Los Angeles",308,1484,481.82,34.0351958,-118.341456,high,Friday,7,17
"VIRGIL AV, Los Angeles",191768,78,0.04,34.0897301,-118.2869056,low,Friday,17,15
"VIRGINIA AV, Los Angeles",3021,517,17.11,34.0917943,-118.3157508,low,Monday,1,6
"VISTA DEL MAR AV, Los Angeles",168537,350,0.21,34.1002396,-118.324406,low,Thursday,15,6
"VISTA DEL MAR, Los Angeles",439,45,10.25,33.8189045,-118.1986801,low,Tuesday,15,11
"VOSE ST, Los Angeles",4890,38,0.78,34.1984554,-118.4643222,low,Friday,9,16
"W SILVER LAKE DR, Los Angeles",17141,136,0.79,34.0962785,-118.2665456,low,Saturday,15,15
"W SILVERLAKE BL, Los Angeles",1979,2,0.1,34.05223,-118.24368,low,Tuesday,17,21
"WABASH AV, Los Angeles",358,1,0.28,34.0500607,-118.1970331,low,Friday,16,12
"WADE ST, Los Angeles",5397,69,1.28,34.0013943,-118.4379864,low,Sunday,20,19
"WADSWORTH AV, Los Angeles",2253,29,1.29,33.9364279,-118.2586894,low,Friday,3,10
"WALKER AV, Los Angeles",9719,185,1.9,33.9821532,-118.1724899,low,Friday,17,12
"WALTON AV, Los Angeles",162,31,19.14,34.005497,-118.2948247,low,Monday,21,17
"WARING AV, Los Angeles",5051,46,0.91,34.0852994,-118.3306067,low,Monday,22,6
"WARING ST, Los Angeles",1126,157,13.94,34.0852364,-118.3221738,low,Saturday,17,6
"WAVERLY DR, Los Angeles",3262,3329,102.05,34.1114707,-118.2689325,high,Sunday,14,15
"WELCOME ST, Los Angeles",534,18,3.37,34.0656106,-118.2620988,low,Tuesday,16,21
"WENTWORTH ST, Los Angeles",57915,1,0.0,34.2572892,-118.3745579,low,Saturday,19,3
"WEST WY, Los Angeles",132594,461,0.35,33.94408,-118.4057963,low,Thursday,19,2
"WESTERN AV, Los Angeles",2999784,21,0.0,34.0530827,-118.3090777,low,Saturday,19,17
"WESTMONT DR, Los Angeles",244472,7626,3.12,33.7636736,-118.2953713,low,Friday,9,4
"WESTMORELAND AV, Los Angeles",1241,52,4.19,34.0934112,-118.2878091,low,Tuesday,8,15
"WESTRIDGE RD, Los Angeles",19325,253,1.31,34.0671625,-118.4972413,low,Friday,17,19
"WESTSIDE AV, Los Angeles",3529,25,0.71,34.0155974,-118.3270891,low,Monday,16,17
"WESTWOOD BL, Los Angeles",121931,17,0.01,34.0708781,-118.4468497,low,Sunday,5,7
"WEYMOUTH AV, Los Angeles",1238,737,59.53,33.7279593,-118.3097466,medium,Saturday,16,4
"WHITAKER AV, Los Angeles",1438,28,1.95,34.2353634,-118.4990522,low,Friday,19,14
"WHITE OAK AV, Los Angeles",191852,13,0.01,34.171536,-118.5185388,low,Wednesday,7,16
"WHITSETT AV, Los Angeles",377362,807,0.21,34.1798887,-118.4052596,low,Tuesday,18,9
"WHITTIER BL, Los Angeles",52108,1013,1.94,33.9708782,-118.030839,low,Sunday,16,20
"WHITTIER ST, Los Angeles",18389,447,2.43,33.9778416,-118.0302221,low,Monday,8,20
"WILBUR AV, Los Angeles",31283,3,0.01,34.1803928,-118.5447594,low,Tuesday,15,1
"WILCOX AV, Los Angeles",28857,620,2.15,34.088919,-118.3309769,low,Saturday,20,6
"WILEY POST AV, Los Angeles",2298,279,12.14,33.9580205,-118.3874687,low,Friday,17,2
"WILLIS AV, Los Angeles",1894,6,0.32,34.2211629,-118.4553039,low,Thursday,5,16
"WILLOW BROOK AV, Los Angeles",945,259,27.41,34.0894512,-118.2939002,low,Sunday,14,15
"WILLOW ST, Los Angeles",1799,20,1.11,33.8066989,-118.1896702,low,Saturday,17,11
"WILMINGTON AV, Los Angeles",49381,5,0.01,33.9435458,-118.2390767,low,Saturday,18,10
"WILMINGTON BL, Los Angeles",76909,406,0.53,33.7800164,-118.262509,low,Sunday,17,4
"WILSHIRE BL, Los Angeles",630789,264,0.04,34.0569803,-118.3317108,low,Friday,14,6
"WILSON ST, Los Angeles",2957,3985,134.76,34.0247472,-118.2349631,high,Friday,8,21
"WILTON PL, Los Angeles",36203,21,0.06,33.8783196,-118.3160983,low,Saturday,18,10
"WINDSOR BL, Los Angeles",2764,959,34.7,33.9927909,-118.3417424,medium,Sunday,1,17
"WINDWARD AV, Los Angeles",8409,47,0.56,33.9881853,-118.4715547,low,Friday,13,19
"WINNETKA AV, Los Angeles",106122,45,0.04,34.1980487,-118.5710062,low,Thursday,19,1
"WINSTON ST, Los Angeles",1450,1111,76.62,34.0471306,-118.2473546,high,Saturday,12,21
"WINTER ST, Los Angeles",1402,30,2.14,34.0467849,-118.1964151,low,Saturday,16,12
"WOLLAM ST, Los Angeles",897,11,1.23,34.105516,-118.227014,low,Monday,1,0
"WOODBRIDGE ST, Los Angeles",776,2,0.26,34.1488584,-118.3592838,low,Monday,18,9
"WOODCLIFF RD, Los Angeles",8030,29,0.36,34.1466081,-118.467417,low,Tuesday,13,16
"WOODCOCK AV, Los Angeles",94,30,31.91,34.3078789,-118.4577634,low,Friday,17,3
"WOODLAKE AV, Los Angeles",37930,18,0.05,34.2030871,-118.6321615,low,Saturday,18,1
"WOODLEY AV, Los Angeles",67700,100,0.15,34.2321006,-118.4851061,low,Saturday,18,14
"WOODMAN AV, Los Angeles",248998,1086,0.44,34.1511448,-118.43124,low,Thursday,18,16
"WOODWARD AV, Los Angeles",8086,2385,29.5,34.2546624,-118.3070453,low,Tuesday,7,23
"WORLD WAY, Los Angeles",461567,27,0.01,33.9435073,-118.3983411,low,Monday,18,2
"WRIGHTWOOD DR, Los Angeles",5525,53,0.96,34.134584,-118.3726223,low,Sunday,15,9
"YALE AV, Los Angeles",350,30,8.57,33.9890949,-118.4494957,low,Friday,17,19
"YALE ST, Los Angeles",6324,5,0.08,34.0642064,-118.2403066,low,Monday,15,21
"YARMOUTH AV, Los Angeles",18826,15,0.08,34.2761507,-118.5209423,low,Wednesday,3,14
"YOLANDA AV, Los Angeles",24334,76,0.31,34.1956689,-118.5404136,low,Monday,7,14
"YORK BL, Los Angeles",271200,158,0.06,33.9572714,-118.0509914,low,Monday,18,20
"YUCCA ST, Los Angeles",22468,204,0.91,34.1037204,-118.3249496,low,Monday,6,6
"ZELZAH AV, Los Angeles",96051,110,0.11,34.243016,-118.523271,low,Monday,8,14
"ZOO DR, Los Angeles",21589,493,2.28,34.1548744,-118.2940768,low,Friday,15,15
